file,QC_status,num_seqs,sum_len,min_len,avg_len,max_len,Scheme,MLST,allele1,allele2,allele3,allele4,allele5,allele6,allele7,K_Locus,O_Locus,Poppunk,Location
SAMN08965145,PASS,199,"6,038,758",204,"30,345.50","513,695",vparahaemolyticus,3,dnaE(3),gyrB(4),recA(19),dtdS(4),pntA(29),pyrC(4),tnaA(22),KL6,OL3_or_OL13,1,USA
SAMN09242527,PASS,149,"5,140,824",204,"34,502.20","396,272",vparahaemolyticus,3,dnaE(3),gyrB(4),recA(19),dtdS(4),pntA(29),pyrC(4),tnaA(22),KL6,OL3_or_OL13,1,USA
SAMN09074611,PASS,117,"5,185,789",201,"44,323","652,909",vparahaemolyticus,3,dnaE(3),gyrB(4),recA(19),dtdS(4),pntA(29),pyrC(4),tnaA(22),KL6,OL3_or_OL13,1,USA
SAMN26659666,PASS,110,"5,118,348",204,"46,530.40","692,764",vparahaemolyticus,3,dnaE(3),gyrB(4),recA(19),dtdS(4),pntA(29),pyrC(4),tnaA(22),KL6,OL3_or_OL13,1,USA:NJ
SAMN08965140,PASS,99,"5,139,610",204,"51,915.30","608,869",vparahaemolyticus,3,dnaE(3),gyrB(4),recA(19),dtdS(4),pntA(29),pyrC(4),tnaA(22),KL6,OL3_or_OL13,1,USA
SAMN08902707,PASS,96,"5,134,309",204,"53,482.40","806,942",vparahaemolyticus,3,dnaE(3),gyrB(4),recA(19),dtdS(4),pntA(29),pyrC(4),tnaA(22),KL6,OL3_or_OL13,1,USA
SAMN18528236,PASS,94,"5,117,706",201,"54,443.70","824,441",vparahaemolyticus,3,dnaE(3),gyrB(4),recA(19),dtdS(4),pntA(29),pyrC(4),tnaA(22),KL6,OL3_or_OL13,1,USA:NJ
SAMN08902738,PASS,94,"5,131,958",204,"54,595.30","626,014",vparahaemolyticus,3,dnaE(3),gyrB(4),recA(19),dtdS(4),pntA(29),pyrC(4),tnaA(22),KL6,OL3_or_OL13,1,USA
SAMN08902775,PASS,90,"5,134,339",204,"57,048.20","603,977",vparahaemolyticus,3,dnaE(3),gyrB(4),recA(19),dtdS(4),pntA(29),pyrC(4),tnaA(22),KL6,OL3_or_OL13,1,USA
SAMN13808684,PASS,89,"5,127,096",201,"57,607.80","845,839",vparahaemolyticus,3,dnaE(3),gyrB(4),recA(19),dtdS(4),pntA(29),pyrC(4),tnaA(22),KL6,OL3_or_OL13,1,USA
SAMN08469562,PASS,85,"5,126,034",204,"60,306.30","895,031",vparahaemolyticus,3,dnaE(3),gyrB(4),recA(19),dtdS(4),pntA(29),pyrC(4),tnaA(22),KL6,OL3_or_OL13,1,USA
SAMN09242511,PASS,70,"5,123,227",204,"73,189","806,921",vparahaemolyticus,3,dnaE(3),gyrB(4),recA(19),dtdS(4),pntA(29),pyrC(4),tnaA(22),KL6,OL3_or_OL13,1,USA
SAMN08469472,PASS,66,"5,125,171",223,"77,654.10","895,293",vparahaemolyticus,3,dnaE(3),gyrB(4),recA(19),dtdS(4),pntA(29),pyrC(4),tnaA(22),KL6,OL3_or_OL13,1,USA
SAMN18434347,PASS,104,"5,136,232",202,"49,386.80","740,973",vparahaemolyticus,3,dnaE(3),gyrB(4),recA(19),dtdS(4),pntA(29),pyrC(4),tnaA(22),KL68-1,OL4-1,1,China:Shanghai
SAMN27590325,PASS,76,"5,440,097",216,"71,580.20","2,055,220",vparahaemolyticus,6,dnaE(4),gyrB(13),recA(11),dtdS(38),pntA(18),pyrC(9),tnaA(23),KL129,OL3_or_OL13,21,USA
SAMN08965109,PASS,121,"5,549,416",218,"45,862.90","596,291",vparahaemolyticus,6,dnaE(4),gyrB(13),recA(11),dtdS(38),pntA(18),pyrC(9),tnaA(23),KL129,OL3_or_OL13,21,USA
SAMN08965162,PASS,91,"5,373,545",218,"59,049.90","617,143",vparahaemolyticus,6,dnaE(4),gyrB(13),recA(11),dtdS(38),pntA(18),pyrC(9),tnaA(23),KL129,OL3_or_OL13,21,USA
SAMN08965115,PASS,91,"5,378,690",218,"59,106.50","547,775",vparahaemolyticus,6,dnaE(4),gyrB(13),recA(11),dtdS(38),pntA(18),pyrC(9),tnaA(23),KL129,OL3_or_OL13,21,USA
SAMN13245812,PASS,74,"5,388,105",213,"72,812.20","2,021,765",vparahaemolyticus,6,dnaE(4),gyrB(13),recA(11),dtdS(38),pntA(18),pyrC(9),tnaA(23),KL129,OL3_or_OL13,21,USA
SAMN13245779,PASS,71,"5,388,284",206,"75,891.30","2,021,567",vparahaemolyticus,6,dnaE(4),gyrB(13),recA(11),dtdS(38),pntA(18),pyrC(9),tnaA(23),KL129,OL3_or_OL13,21,USA
SAMN13245800,PASS,62,"5,388,095",206,"86,904.80","2,021,555",vparahaemolyticus,6,dnaE(4),gyrB(13),recA(11),dtdS(38),pntA(18),pyrC(9),tnaA(23),KL129,OL3_or_OL13,21,USA
SAMN02741401,PASS,75,"5,137,996",201,"68,506.60","1,075,213",vparahaemolyticus,8,dnaE(28),gyrB(4),recA(82),dtdS(88),pntA(63),pyrC(69),tnaA(1),KL13,OL4,6,USA
SAMN02741400,PASS,72,"5,144,557",211,"71,452.20","1,522,466",vparahaemolyticus,8,dnaE(28),gyrB(4),recA(82),dtdS(88),pntA(63),pyrC(69),tnaA(1),KL13,OL4,6,USA
SAMN02741402,PASS,70,"5,144,587",211,"73,494.10","1,717,346",vparahaemolyticus,8,dnaE(28),gyrB(4),recA(82),dtdS(88),pntA(63),pyrC(69),tnaA(1),KL13,OL4,6,USA
SAMN02741399,PASS,60,"5,144,552",204,"85,742.50","1,717,239",vparahaemolyticus,8,dnaE(28),gyrB(4),recA(82),dtdS(88),pntA(63),pyrC(69),tnaA(1),KL13,OL4,6,USA
SAMN19796157,PASS,56,"5,058,783",208,"90,335.40","1,206,508",vparahaemolyticus,8,dnaE(28),gyrB(4),recA(82),dtdS(88),pntA(63),pyrC(69),tnaA(1),KL13,OL4,6,USA:NJ
SAMN18762046,PASS,54,"5,059,793",204,"93,699.90","1,758,907",vparahaemolyticus,8,dnaE(28),gyrB(4),recA(82),dtdS(88),pntA(63),pyrC(69),tnaA(1),KL13,OL4,6,USA:NJ
SAMN27591400,PASS,84,"5,285,302",206,"62,920.30","1,504,112",vparahaemolyticus,10,dnaE(7),gyrB(36),recA(4),dtdS(26),pntA(6),pyrC(18),tnaA(26),KLUT8,OL4,53,USA
SAMN18510950,PASS,97,"5,256,171",201,"54,187.30","633,040",vparahaemolyticus,10,dnaE(7),gyrB(36),recA(4),dtdS(26),pntA(6),pyrC(18),tnaA(26),KLUT8,OL4,53,USA:NJ
SAMN25285887,PASS,93,"5,255,236",201,"56,507.90","1,220,601",vparahaemolyticus,10,dnaE(7),gyrB(36),recA(4),dtdS(26),pntA(6),pyrC(18),tnaA(26),KLUT8,OL4,53,USA:NJ
SAMN18510949,PASS,93,"5,256,283",201,"56,519.20","935,465",vparahaemolyticus,10,dnaE(7),gyrB(36),recA(4),dtdS(26),pntA(6),pyrC(18),tnaA(26),KLUT8,OL4,53,USA:NJ
SAMN21578985,PASS,92,"5,334,734",207,"57,986.20","2,016,685",vparahaemolyticus,10,dnaE(7),gyrB(36),recA(4),dtdS(26),pntA(6),pyrC(18),tnaA(26),KLUT8,OL4,53,USA:NV
SAMN28093309,PASS,92,"5,334,734",207,"57,986.20","2,016,685",vparahaemolyticus,10,dnaE(7),gyrB(36),recA(4),dtdS(26),pntA(6),pyrC(18),tnaA(26),KLUT8,OL4,53,USA:NV
SAMN13809952,PASS,165,"5,140,282",204,"31,153.20","303,769",vparahaemolyticus,12,dnaE(9),gyrB(21),recA(15),dtdS(13),pntA(4),pyrC(10),tnaA(26),KL17,OL5,20,USA
SAMN08965190,PASS,107,"5,148,052",204,"48,112.60","357,087",vparahaemolyticus,12,dnaE(9),gyrB(21),recA(15),dtdS(13),pntA(4),pyrC(10),tnaA(26),KL17,OL5,20,USA
SAMN13207728,PASS,84,"5,163,370",208,"61,468.70","592,733",vparahaemolyticus,12,dnaE(9),gyrB(21),recA(15),dtdS(13),pntA(4),pyrC(10),tnaA(26),KL17,OL5,20,USA
SAMN08965187,PASS,79,"5,160,250",204,"65,319.60","389,620",vparahaemolyticus,12,dnaE(9),gyrB(21),recA(15),dtdS(13),pntA(4),pyrC(10),tnaA(26),KL17,OL14,20,USA
SAMN02368230,PASS,74,"5,125,598",200,"69,264.80","890,346",vparahaemolyticus,12,dnaE(9),gyrB(21),recA(15),dtdS(13),pntA(4),pyrC(10),tnaA(26),KL17,OL14,20,USA:TX
SAMN08965141,PASS,74,"5,164,532",204,"69,791","389,217",vparahaemolyticus,12,dnaE(9),gyrB(21),recA(15),dtdS(13),pntA(4),pyrC(10),tnaA(26),KL17,OL5,20,USA
SAMN08965173,PASS,66,"5,164,492",200,"78,249.90","470,552",vparahaemolyticus,12,dnaE(9),gyrB(21),recA(15),dtdS(13),pntA(4),pyrC(10),tnaA(26),KL17,OL14,20,USA
SAMN08965121,PASS,65,"5,247,016",204,"80,723.30","443,688",vparahaemolyticus,12,dnaE(9),gyrB(21),recA(15),dtdS(13),pntA(4),pyrC(10),tnaA(26),KL17,OL14,20,USA
SAMN13245786,PASS,64,"5,171,955",208,"80,811.80","1,764,066",vparahaemolyticus,12,dnaE(9),gyrB(21),recA(15),dtdS(13),pntA(4),pyrC(10),tnaA(26),KL17,OL14,20,USA
SAMN08965183,PASS,63,"5,166,347",204,"82,005.50","616,466",vparahaemolyticus,12,dnaE(9),gyrB(21),recA(15),dtdS(13),pntA(4),pyrC(10),tnaA(26),KL17,OL14,20,USA
SAMN13245809,PASS,61,"5,171,852",208,"84,784.50","1,764,090",vparahaemolyticus,12,dnaE(9),gyrB(21),recA(15),dtdS(13),pntA(4),pyrC(10),tnaA(26),KL17,OL14,20,USA
SAMN13245774,PASS,60,"5,171,378",208,"86,189.60","1,764,277",vparahaemolyticus,12,dnaE(9),gyrB(21),recA(15),dtdS(13),pntA(4),pyrC(10),tnaA(26),KL17,OL14,20,USA
SAMN13245792,PASS,56,"5,171,242",208,"92,343.60","1,301,288",vparahaemolyticus,12,dnaE(9),gyrB(21),recA(15),dtdS(13),pntA(4),pyrC(10),tnaA(26),KL17,OL14,20,USA
SAMN13245767,PASS,54,"5,171,799",208,"95,774.10","1,763,709",vparahaemolyticus,12,dnaE(9),gyrB(21),recA(15),dtdS(13),pntA(4),pyrC(10),tnaA(26),KL17,OL14,20,USA
SAMN25524172,PASS,54,"5,462,625",217,"101,159.70","1,879,953",vparahaemolyticus,12,dnaE(9),gyrB(21),recA(15),dtdS(13),pntA(4),pyrC(10),tnaA(26),KL17,OL14,20,USA:NJ
SAMN13245799,PASS,53,"5,170,515",208,"97,556.90","1,764,162",vparahaemolyticus,12,dnaE(9),gyrB(21),recA(15),dtdS(13),pntA(4),pyrC(10),tnaA(26),KL17,OL14,20,USA
SAMN20849619,PASS,50,"5,468,621",217,"109,372.40","1,043,005",vparahaemolyticus,12,dnaE(9),gyrB(21),recA(15),dtdS(13),pntA(4),pyrC(10),tnaA(26),KL17,OL14,20,USA:NJ
SAMN08469558,PASS,75,"5,099,202",214,"67,989.40","529,880",vparahaemolyticus,15,dnaE(12),gyrB(34),recA(25),dtdS(32),pntA(19),pyrC(12),tnaA(26),KL9,OL1,471,USA
SAMN27646131,PASS,103,"4,985,426",200,"48,402.20","553,211",vparahaemolyticus,22,dnaE(17),gyrB(37),recA(6),dtdS(28),pntA(21),pyrC(28),tnaA(7),KL143,OL6,52,USA
SAMN27591401,PASS,102,"4,985,018",200,"48,872.70","716,897",vparahaemolyticus,22,dnaE(17),gyrB(37),recA(6),dtdS(28),pntA(21),pyrC(28),tnaA(7),KL143,OL6,52,USA
SAMN13808694,PASS,155,"5,900,592",202,"38,068.30","490,016",vparahaemolyticus,22,dnaE(17),gyrB(37),recA(6),dtdS(28),pntA(21),pyrC(28),tnaA(7),KL56,OL1-1,52,USA
SAMN09296185,PASS,89,"4,968,579",202,"55,826.70","710,147",vparahaemolyticus,22,dnaE(17),gyrB(37),recA(6),dtdS(28),pntA(21),pyrC(28),tnaA(7),KL143,OL6,52,USA
SAMN02368233,PASS,126,"5,133,768",200,"40,744.20","375,365",vparahaemolyticus,23,dnaE(17),gyrB(16),recA(13),dtdS(36),pntA(15),pyrC(31),tnaA(26),KL54,OL1,54,USA:FL
SAMN02368234,PASS,118,"5,131,476",200,"43,487.10","473,687",vparahaemolyticus,23,dnaE(17),gyrB(16),recA(13),dtdS(36),pntA(15),pyrC(31),tnaA(26),KL54,OL1,54,USA:LA
SAMN27591396,PASS,116,"5,154,082",201,"44,431.70","1,811,472",vparahaemolyticus,28,dnaE(17),gyrB(16),recA(13),dtdS(7),pntA(24),pyrC(16),tnaA(20),KL113,OL3_or_OL13,16,USA
SAMN12784254,PASS,189,"5,082,316",214,"26,890.60","198,775",vparahaemolyticus,28,dnaE(17),gyrB(16),recA(13),dtdS(7),pntA(24),pyrC(16),tnaA(20),KL143,OL3_or_OL13,16,USA
SAMN18509469,PASS,159,"5,325,877",204,"33,496.10","278,188",vparahaemolyticus,28,dnaE(17),gyrB(16),recA(13),dtdS(7),pntA(24),pyrC(16),tnaA(20),KL113,OL3_or_OL13,16,USA:NJ
SAMN14066391,PASS,123,"5,109,931",201,"41,544.20","526,618",vparahaemolyticus,28,dnaE(17),gyrB(16),recA(13),dtdS(7),pntA(24),pyrC(16),tnaA(20),KL143,OL3_or_OL13,16,USA
SAMN13808837,PASS,107,"5,020,550",204,"46,921","526,514",vparahaemolyticus,28,dnaE(17),gyrB(16),recA(13),dtdS(7),pntA(24),pyrC(16),tnaA(20),KL113,OL3_or_OL13,16,USA
SAMN13808836,PASS,97,"5,022,789",204,"51,781.30","607,200",vparahaemolyticus,28,dnaE(17),gyrB(16),recA(13),dtdS(7),pntA(24),pyrC(16),tnaA(20),KL113,OL3_or_OL13,16,USA
SAMN08965180,PASS,93,"5,107,452",218,"54,918.80","464,493",vparahaemolyticus,28,dnaE(17),gyrB(16),recA(13),dtdS(7),pntA(24),pyrC(16),tnaA(20),KL143,OL3_or_OL13,16,USA
SAMN13283500,PASS,88,"5,035,407",205,"57,220.50","650,463",vparahaemolyticus,28,dnaE(17),gyrB(16),recA(13),dtdS(7),pntA(24),pyrC(16),tnaA(20),KL113,OL3_or_OL13,16,USA
SAMN13809951,PASS,88,"5,114,149",204,"58,115.30","634,051",vparahaemolyticus,28,dnaE(17),gyrB(16),recA(13),dtdS(7),pntA(24),pyrC(16),tnaA(20),KL143,OL3_or_OL13,16,USA
SAMN02368236,PASS,85,"5,045,283",208,"59,356.30","570,025",vparahaemolyticus,28,dnaE(17),gyrB(16),recA(13),dtdS(7),pntA(24),pyrC(16),tnaA(20),KL113,OL3_or_OL13,16,USA:LA
SAMN08965138,PASS,84,"5,028,783",204,"59,866.50","550,748",vparahaemolyticus,28,dnaE(17),gyrB(16),recA(13),dtdS(7),pntA(24),pyrC(16),tnaA(20),KL113,OL3_or_OL13,16,USA
SAMN13245782,PASS,75,"5,038,669",202,"67,182.30","1,012,496",vparahaemolyticus,28,dnaE(17),gyrB(16),recA(13),dtdS(7),pntA(24),pyrC(16),tnaA(20),KL113,OL3_or_OL13,16,USA
SAMN13283475,PASS,67,"5,120,663",223,"76,427.80","1,155,502",vparahaemolyticus,28,dnaE(17),gyrB(16),recA(13),dtdS(7),pntA(24),pyrC(16),tnaA(20),KL143,OL3_or_OL13,16,USA
SAMN09839642,PASS,60,"5,017,313",204,"83,621.90","1,174,545",vparahaemolyticus,28,dnaE(17),gyrB(16),recA(13),dtdS(7),pntA(24),pyrC(16),tnaA(20),KL143,OL3_or_OL13,16,USA
SAMN09827888,PASS,58,"5,095,270",204,"87,849.50","818,288",vparahaemolyticus,28,dnaE(17),gyrB(16),recA(13),dtdS(7),pntA(24),pyrC(16),tnaA(20),KL25,OL3_or_OL13,16,USA:NY
SAMN09818936,PASS,57,"5,153,814",204,"90,417.80","780,229",vparahaemolyticus,28,dnaE(17),gyrB(16),recA(13),dtdS(7),pntA(24),pyrC(16),tnaA(20),KL113,OL3_or_OL13,16,USA:NY
SAMN02368231,PASS,120,"5,064,848",205,"42,207.10","566,646",vparahaemolyticus,32,dnaE(20),gyrB(25),recA(15),dtdS(6),pntA(7),pyrC(11),tnaA(4),KL8,OL4,56,USA:NJ
SAMN02368226,PASS,116,"5,051,314",203,"43,545.80","566,647",vparahaemolyticus,32,dnaE(20),gyrB(25),recA(15),dtdS(6),pntA(7),pyrC(11),tnaA(4),KL8,OL4,56,USA:LA
SAMN02368238,PASS,116,"5,065,162",201,"43,665.20","566,646",vparahaemolyticus,32,dnaE(20),gyrB(25),recA(15),dtdS(6),pntA(7),pyrC(11),tnaA(4),KL8,OL4,56,USA:AL
SAMN19918808,PASS,85,"5,093,961",203,"59,929","1,237,986",vparahaemolyticus,32,dnaE(20),gyrB(25),recA(15),dtdS(6),pntA(7),pyrC(11),tnaA(4),KL8,OL4,56,USA:NJ
SAMN27590319,PASS,88,"5,163,748",202,"58,679","1,223,569",vparahaemolyticus,34,dnaE(20),gyrB(25),recA(15),dtdS(13),pntA(7),pyrC(11),tnaA(5),KL9,OL4,14,USA
SAMN27646129,PASS,88,"5,172,684",205,"58,780.50","1,034,894",vparahaemolyticus,34,dnaE(20),gyrB(25),recA(15),dtdS(13),pntA(7),pyrC(11),tnaA(5),KL9,OL4,14,USA
SAMN27590640,PASS,87,"5,143,225",205,"59,117.50","1,223,598",vparahaemolyticus,34,dnaE(20),gyrB(25),recA(15),dtdS(13),pntA(7),pyrC(11),tnaA(5),KL9,OL4,14,USA
SAMN27646142,PASS,86,"5,169,284",204,"60,108","1,248,042",vparahaemolyticus,34,dnaE(20),gyrB(25),recA(15),dtdS(13),pntA(7),pyrC(11),tnaA(5),KL9,OL4,14,USA
SAMN32316486,PASS,84,"5,167,898",204,"61,522.60","1,248,048",vparahaemolyticus,34,dnaE(20),gyrB(25),recA(15),dtdS(13),pntA(7),pyrC(11),tnaA(5),KL9,OL4,14,USA
SAMN33214616,PASS,82,"5,142,239",205,"62,710.20","1,223,598",vparahaemolyticus,34,dnaE(20),gyrB(25),recA(15),dtdS(13),pntA(7),pyrC(11),tnaA(5),KL9,OL4,14,USA
SAMN32316488,PASS,81,"5,168,369",205,"63,807","1,248,003",vparahaemolyticus,34,dnaE(20),gyrB(25),recA(15),dtdS(13),pntA(7),pyrC(11),tnaA(5),KL9,OL4,14,USA
SAMN27591388,PASS,80,"5,057,404",205,"63,217.60","1,771,446",vparahaemolyticus,34,dnaE(20),gyrB(25),recA(15),dtdS(13),pntA(7),pyrC(11),tnaA(5),KL9,OL4,14,USA
SAMN27646143,PASS,79,"5,057,537",205,"64,019.50","1,223,628",vparahaemolyticus,34,dnaE(20),gyrB(25),recA(15),dtdS(13),pntA(7),pyrC(11),tnaA(5),KL9,OL4,14,USA
SAMN27590331,PASS,79,"5,068,299",200,"64,155.70","1,177,881",vparahaemolyticus,34,dnaE(20),gyrB(25),recA(15),dtdS(13),pntA(7),pyrC(11),tnaA(5),KL9,OL4,14,USA
SAMN33843932,PASS,79,"5,168,974",205,"65,430.10","1,248,003",vparahaemolyticus,34,dnaE(20),gyrB(25),recA(15),dtdS(13),pntA(7),pyrC(11),tnaA(5),KL9,OL4,14,USA
SAMN32316487,PASS,78,"5,167,957",205,"66,255.90","1,248,003",vparahaemolyticus,34,dnaE(20),gyrB(25),recA(15),dtdS(13),pntA(7),pyrC(11),tnaA(5),KL9,OL4,14,USA
SAMN32316484,PASS,78,"5,168,746",204,"66,266","1,795,874",vparahaemolyticus,34,dnaE(20),gyrB(25),recA(15),dtdS(13),pntA(7),pyrC(11),tnaA(5),KL9,OL4,14,USA
SAMN27646146,PASS,77,"5,056,903",211,"65,674.10","1,177,829",vparahaemolyticus,34,dnaE(20),gyrB(25),recA(15),dtdS(13),pntA(7),pyrC(11),tnaA(5),KL9,OL4,14,USA
SAMN33426079,PASS,76,"5,056,746",203,"66,536.10","1,223,576",vparahaemolyticus,34,dnaE(20),gyrB(25),recA(15),dtdS(13),pntA(7),pyrC(11),tnaA(5),KL9,OL4,14,USA
SAMN32316485,PASS,68,"5,166,735",204,"75,981.40","1,248,003",vparahaemolyticus,34,dnaE(20),gyrB(25),recA(15),dtdS(13),pntA(7),pyrC(11),tnaA(5),KL9,OL4,14,USA
SAMN02368228,PASS,90,"5,043,229",201,"56,035.90","567,121",vparahaemolyticus,34,dnaE(20),gyrB(25),recA(15),dtdS(13),pntA(7),pyrC(11),tnaA(5),KL9,OL4,14,USA:FL
SAMN02741394,PASS,81,"5,083,164",205,"62,755.10","1,150,630",vparahaemolyticus,34,dnaE(20),gyrB(25),recA(15),dtdS(13),pntA(7),pyrC(11),tnaA(5),KL9,OL4,14,USA
SAMN06917270,PASS,79,"5,053,402",205,"63,967.10","669,024",vparahaemolyticus,34,dnaE(20),gyrB(25),recA(15),dtdS(13),pntA(7),pyrC(11),tnaA(5),KL9,OL4,14,0
SAMN27646134,PASS,68,"5,142,135",202,"75,619.60","781,705",vparahaemolyticus,36,dnaE(21),gyrB(15),recA(1),dtdS(23),pntA(23),pyrC(21),tnaA(16),KL12,OL4,2,USA
SAMN09242537,PASS,99,"5,103,986",202,"51,555.40","444,445",vparahaemolyticus,36,dnaE(21),gyrB(15),recA(1),dtdS(23),pntA(23),pyrC(21),tnaA(16),KL12,OL4,2,USA
SAMN08902770,PASS,80,"5,193,124",204,"64,914.10","597,813",vparahaemolyticus,36,dnaE(21),gyrB(15),recA(1),dtdS(23),pntA(23),pyrC(21),tnaA(16),KL12,OL4,2,USA
SAMN09074639,PASS,77,"5,080,757",202,"65,983.90","552,196",vparahaemolyticus,36,dnaE(21),gyrB(15),recA(1),dtdS(23),pntA(23),pyrC(21),tnaA(16),KL12,OL4,2,USA
SAMN08902768,PASS,72,"5,194,381",202,"72,144.20","724,894",vparahaemolyticus,36,dnaE(21),gyrB(15),recA(1),dtdS(23),pntA(23),pyrC(21),tnaA(16),KL12,OL4,2,USA
SAMN09242530,PASS,64,"5,114,599",212,"79,915.60","907,619",vparahaemolyticus,36,dnaE(21),gyrB(15),recA(1),dtdS(23),pntA(23),pyrC(21),tnaA(16),KL12,OL4,2,USA
SAMN08902764,PASS,61,"5,086,521",202,"83,385.60","719,270",vparahaemolyticus,36,dnaE(21),gyrB(15),recA(1),dtdS(23),pntA(23),pyrC(21),tnaA(16),KL12,OL4,2,USA
SAMN27646148,PASS,148,"5,146,408",200,"34,773","877,910",vparahaemolyticus,43,dnaE(23),gyrB(29),recA(10),dtdS(7),pntA(14),pyrC(24),tnaA(2),KL63,OL4,5,USA
SAMN09242499,PASS,136,"5,083,350",204,"37,377.60","452,846",vparahaemolyticus,43,dnaE(23),gyrB(29),recA(10),dtdS(7),pntA(14),pyrC(24),tnaA(2),KL56,OL1-1,5,USA
SAMN09074607,PASS,131,"5,075,805",204,"38,746.60","390,785",vparahaemolyticus,43,dnaE(23),gyrB(29),recA(10),dtdS(7),pntA(14),pyrC(24),tnaA(2),KL56,OL1-1,5,USA
SAMN13207727,PASS,129,"5,144,696",206,"39,881.40","549,819",vparahaemolyticus,43,dnaE(23),gyrB(29),recA(10),dtdS(7),pntA(14),pyrC(24),tnaA(2),KL56,OL1-1,5,USA
SAMN08965129,PASS,117,"5,137,344",204,"43,908.90","452,732",vparahaemolyticus,43,dnaE(23),gyrB(29),recA(10),dtdS(7),pntA(14),pyrC(24),tnaA(2),KL56,OL1-1,5,USA
SAMN08469555,PASS,100,"5,257,094",204,"52,570.90","453,108",vparahaemolyticus,43,dnaE(23),gyrB(29),recA(10),dtdS(7),pntA(14),pyrC(24),tnaA(2),KL56,OL1-1,5,USA
SAMN08469548,PASS,97,"5,090,528",204,"52,479.70","453,108",vparahaemolyticus,43,dnaE(23),gyrB(29),recA(10),dtdS(7),pntA(14),pyrC(24),tnaA(2),KL56,OL1-1,5,USA
SAMN08469471,PASS,97,"5,090,821",204,"52,482.70","453,126",vparahaemolyticus,43,dnaE(23),gyrB(29),recA(10),dtdS(7),pntA(14),pyrC(24),tnaA(2),KL56,OL1-1,5,USA
SAMN08469546,PASS,95,"5,091,357",222,"53,593.20","459,270",vparahaemolyticus,43,dnaE(23),gyrB(29),recA(10),dtdS(7),pntA(14),pyrC(24),tnaA(2),KL56,OL1-1,5,USA
SAMN20849623,PASS,58,"5,000,390",203,"86,213.60","1,200,968",vparahaemolyticus,49,dnaE(28),gyrB(17),recA(21),dtdS(30),pntA(20),pyrC(23),tnaA(24),KL115,OL3_or_OL13,51,USA:NJ
SAMN27646125,PASS,101,"5,169,809",207,"51,186.20","1,794,343",vparahaemolyticus,50,dnaE(29),gyrB(5),recA(22),dtdS(12),pntA(20),pyrC(22),tnaA(25),KL18,OL6,25,USA
SAMN03941067,PASS,84,"5,157,699",207,"61,401.20","566,804",vparahaemolyticus,50,dnaE(29),gyrB(5),recA(22),dtdS(12),pntA(20),pyrC(22),tnaA(25),KL18,OL6,25,USA
SAMN06076959,PASS,80,"5,155,419",204,"64,442.70","672,105",vparahaemolyticus,50,dnaE(29),gyrB(5),recA(22),dtdS(12),pntA(20),pyrC(22),tnaA(25),KL18,OL6,25,USA
SAMN08965191,PASS,134,"4,983,931",205,"37,193.50","313,318",vparahaemolyticus,61,dnaE(37),gyrB(14),recA(14),dtdS(9),pntA(14),pyrC(34),tnaA(26),KLUT4-1,OL5,34,USA
SAMN13809955,PASS,129,"5,044,572",204,"39,105.20","521,183",vparahaemolyticus,61,dnaE(37),gyrB(14),recA(14),dtdS(9),pntA(14),pyrC(34),tnaA(26),KLUT4-1,OL5,34,USA
SAMN13283478,PASS,124,"5,002,107",204,"40,339.60","817,257",vparahaemolyticus,61,dnaE(37),gyrB(14),recA(14),dtdS(9),pntA(14),pyrC(34),tnaA(26),KLUT4-1,OL5,34,USA
SAMN13283488,PASS,114,"4,999,341",204,"43,853.90","808,397",vparahaemolyticus,61,dnaE(37),gyrB(14),recA(14),dtdS(9),pntA(14),pyrC(34),tnaA(26),KLUT4-1,OL5,34,USA
SAMN13283477,PASS,112,"4,998,698",204,"44,631.20","808,510",vparahaemolyticus,61,dnaE(37),gyrB(14),recA(14),dtdS(9),pntA(14),pyrC(34),tnaA(26),KLUT4-1,OL5,34,USA
SAMN13245813,PASS,107,"4,998,516",206,"46,715.10","734,112",vparahaemolyticus,61,dnaE(37),gyrB(14),recA(14),dtdS(9),pntA(14),pyrC(34),tnaA(26),KLUT4-1,OL5,34,USA
SAMN08469545,PASS,105,"4,951,445",220,"47,156.60","518,727",vparahaemolyticus,61,dnaE(37),gyrB(14),recA(14),dtdS(9),pntA(14),pyrC(34),tnaA(26),KLUT4-1,OL5,34,USA
SAMN13245769,PASS,101,"4,998,944",204,"49,494.50","738,923",vparahaemolyticus,61,dnaE(37),gyrB(14),recA(14),dtdS(9),pntA(14),pyrC(34),tnaA(26),KLUT4-1,OL5,34,USA
SAMN08965123,PASS,98,"4,962,264",205,"50,635.30","336,515",vparahaemolyticus,61,dnaE(37),gyrB(14),recA(14),dtdS(9),pntA(14),pyrC(34),tnaA(26),KLUT4-1,OL5,34,USA
SAMN08469478,PASS,94,"4,957,029",205,"52,734.40","319,462",vparahaemolyticus,61,dnaE(37),gyrB(14),recA(14),dtdS(9),pntA(14),pyrC(34),tnaA(26),KLUT4-1,OL5,34,USA
SAMN09295485,PASS,92,"4,964,148",205,"53,958.10","373,949",vparahaemolyticus,61,dnaE(37),gyrB(14),recA(14),dtdS(9),pntA(14),pyrC(34),tnaA(26),KLUT4-1,OL5,34,USA
SAMN02368237,PASS,89,"4,971,163",200,"55,855.80","516,439",vparahaemolyticus,61,dnaE(37),gyrB(14),recA(14),dtdS(9),pntA(14),pyrC(34),tnaA(26),KLUT4-1,OL5,34,USA:WA
SAMN08965160,PASS,88,"5,041,744",205,"57,292.50","532,448",vparahaemolyticus,61,dnaE(37),gyrB(14),recA(14),dtdS(9),pntA(14),pyrC(34),tnaA(26),KLUT4-1,OL5,34,USA
SAMN09295483,PASS,87,"4,968,215",205,"57,105.90","402,709",vparahaemolyticus,61,dnaE(37),gyrB(14),recA(14),dtdS(9),pntA(14),pyrC(34),tnaA(26),KLUT4-1,OL5,34,USA
SAMN08965154,PASS,85,"5,042,957",220,"59,328.90","516,905",vparahaemolyticus,61,dnaE(37),gyrB(14),recA(14),dtdS(9),pntA(14),pyrC(34),tnaA(26),KLUT4-1,OL5,34,USA
SAMN08469560,PASS,79,"4,968,038",217,"62,886.60","721,962",vparahaemolyticus,61,dnaE(37),gyrB(14),recA(14),dtdS(9),pntA(14),pyrC(34),tnaA(26),KLUT4-1,OL5,34,USA
SAMN28232267,FLAG,86,"5,136,097",201,"59,722.10","1,339,721",vibrio,62,gyrB(52),pyrH(36),recA(52),atpA(19),0,0,0,KLUT2,OL8,#N/A,Germany
SAMN16252928,FLAG,83,"6,005,098",203,"72,350.60","1,783,453",vibrio,62,gyrB(52),pyrH(36),recA(52),atpA(19),0,0,0,KLUT2,OL8,#N/A,Germany
SAMN16252940,FLAG,109,"5,119,782",207,"46,970.50","415,667",vibrio,62,gyrB(52),pyrH(36),recA(52),atpA(19),0,0,0,KLUT2,OL8,#N/A,Germany
SAMN07185546,FLAG,84,"5,130,850",203,"61,081.50","530,746",vibrio,62,gyrB(52),pyrH(36),recA(52),atpA(19),0,0,0,KLUT2,OL8,#N/A,USA
SAMN19796193,PASS,73,"5,094,403",217,"69,786.30","1,282,696",vparahaemolyticus,64,dnaE(40),gyrB(39),recA(3),dtdS(18),pntA(4),pyrC(36),tnaA(29),KL104,OL1,136,USA:NJ
SAMN18528228,PASS,68,"5,074,742",217,"74,628.60","1,745,763",vparahaemolyticus,64,dnaE(40),gyrB(39),recA(3),dtdS(18),pntA(4),pyrC(36),tnaA(29),KL104,OL1,136,USA:NJ
SAMN18528230,PASS,65,"5,073,484",205,"78,053.60","1,745,775",vparahaemolyticus,64,dnaE(40),gyrB(39),recA(3),dtdS(18),pntA(4),pyrC(36),tnaA(29),KL104,OL1,136,USA:NJ
SAMN26659663,PASS,93,"5,040,574",203,"54,199.70","1,206,208",vparahaemolyticus,97,dnaE(45),gyrB(60),recA(55),dtdS(59),pntA(14),pyrC(57),tnaA(7),KL139,OL11,549,USA:NJ
SAMN18528229,PASS,75,"5,019,794",203,"66,930.60","777,415",vparahaemolyticus,104,dnaE(60),gyrB(67),recA(4),dtdS(53),pntA(43),pyrC(63),tnaA(23),KL52,OL12,82,USA:NJ
SAMN13634689,PASS,95,"5,024,494",200,"52,889.40","807,415",vparahaemolyticus,107,dnaE(62),gyrB(69),recA(57),dtdS(61),pntA(46),pyrC(65),tnaA(24),KL156,OL12,300,"USA:OR, GBE"
SAMN02368251,PASS,82,"5,040,492",208,"61,469.40","917,153",vparahaemolyticus,108,dnaE(26),gyrB(58),recA(53),dtdS(19),pntA(28),pyrC(9),tnaA(26),KL34,OL4,182,USA:VA
SAMN03358820,PASS,112,"4,948,831",200,"44,186","492,184",vparahaemolyticus,113,dnaE(63),gyrB(62),recA(25),dtdS(54),pntA(4),pyrC(56),tnaA(45),KL30-1,OL5,1031,USA:ME
SAMN33426068,PASS,75,"5,112,345",203,"68,164.60","1,312,127",vparahaemolyticus,121,dnaE(3),gyrB(2),recA(82),dtdS(50),pntA(4),pyrC(78),tnaA(66),KL6,OL3_or_OL13,152,USA
SAMN20458875,FLAG,78,"5,268,049",203,"67,539.10","901,463",vibrio,124,gyrB(102),pyrH(40),recA(96),atpA(19),0,0,0,KL9,OL4,#N/A,USA:NJ
SAMN27590653,PASS,93,"5,177,810",200,"55,675.40","1,073,794",vparahaemolyticus,130,dnaE(85),gyrB(13),recA(67),dtdS(1),pntA(35),pyrC(88),tnaA(67),KL156,OL12,35,USA
SAMN27917785,PASS,73,"5,190,328",202,"71,100.40","1,073,409",vparahaemolyticus,130,dnaE(85),gyrB(13),recA(67),dtdS(1),pntA(35),pyrC(88),tnaA(67),KL156,OL12,35,USA
SAMN08965104,PASS,112,"5,134,753",200,"45,846","548,049",vparahaemolyticus,130,dnaE(85),gyrB(13),recA(67),dtdS(1),pntA(35),pyrC(88),tnaA(67),KL156,OL12,35,USA
SAMN08965110,PASS,95,"5,187,379",200,"54,604","396,876",vparahaemolyticus,130,dnaE(85),gyrB(13),recA(67),dtdS(1),pntA(35),pyrC(88),tnaA(67),KL156,OL12,35,USA
SAMN13283487,PASS,95,"6,070,780",200,"63,902.90","1,073,772",vparahaemolyticus,130,dnaE(85),gyrB(13),recA(67),dtdS(1),pntA(35),pyrC(88),tnaA(67),KL156,OL12,35,USA
SAMN08965101,PASS,93,"5,195,191",200,"55,862.30","569,600",vparahaemolyticus,130,dnaE(85),gyrB(13),recA(67),dtdS(1),pntA(35),pyrC(88),tnaA(67),KL156,OL12,35,USA
SAMN13283484,PASS,91,"5,164,997",200,"56,758.20","789,092",vparahaemolyticus,130,dnaE(85),gyrB(13),recA(67),dtdS(1),pntA(35),pyrC(88),tnaA(67),KL156,OL12,35,USA
SAMN09242504,PASS,83,"5,185,179",200,"62,472","528,034",vparahaemolyticus,130,dnaE(85),gyrB(13),recA(67),dtdS(1),pntA(35),pyrC(88),tnaA(67),KL156,OL12,35,USA
SAMN09242501,PASS,83,"5,286,902",200,"63,697.60","702,765",vparahaemolyticus,130,dnaE(85),gyrB(13),recA(67),dtdS(1),pntA(35),pyrC(88),tnaA(67),KL156,OL12,35,USA
SAMN13245794,PASS,80,"5,199,003",200,"64,987.50","1,073,772",vparahaemolyticus,130,dnaE(85),gyrB(13),recA(67),dtdS(1),pntA(35),pyrC(88),tnaA(67),KL156,OL12,35,USA
SAMN08965124,PASS,77,"5,190,970",200,"67,415.20","703,361",vparahaemolyticus,130,dnaE(85),gyrB(13),recA(67),dtdS(1),pntA(35),pyrC(88),tnaA(67),KL156,OL12,35,USA
SAMN27590643,PASS,90,"5,299,961",202,"58,888.50","1,004,442",vparahaemolyticus,135,dnaE(17),gyrB(16),recA(95),dtdS(7),pntA(24),pyrC(16),tnaA(20),KL117,OL6,16,USA
SAMN27590318,PASS,87,"5,302,161",204,"60,944.40","1,001,607",vparahaemolyticus,135,dnaE(17),gyrB(16),recA(95),dtdS(7),pntA(24),pyrC(16),tnaA(20),KL117,OL6,16,USA
SAMN33843936,PASS,83,"5,271,808",204,"63,515.80","996,097",vparahaemolyticus,135,dnaE(17),gyrB(16),recA(95),dtdS(7),pntA(24),pyrC(16),tnaA(20),KL117,OL6,16,USA
SAMN33843934,PASS,77,"5,289,738",204,"68,697.90","814,041",vparahaemolyticus,135,dnaE(17),gyrB(16),recA(95),dtdS(7),pntA(24),pyrC(16),tnaA(20),KL117,OL6,16,USA
SAMN09242542,PASS,229,"5,379,125",204,"23,489.60","504,019",vparahaemolyticus,135,dnaE(17),gyrB(16),recA(95),dtdS(7),pntA(24),pyrC(16),tnaA(20),KL117,OL6,16,USA
SAMN21578977,PASS,94,"5,301,046",205,"56,394.10","814,759",vparahaemolyticus,135,dnaE(17),gyrB(16),recA(95),dtdS(7),pntA(24),pyrC(16),tnaA(20),KL117,OL6,16,USA:CA
SAMN28093305,PASS,94,"5,301,046",205,"56,394.10","814,759",vparahaemolyticus,135,dnaE(17),gyrB(16),recA(95),dtdS(7),pntA(24),pyrC(16),tnaA(20),KL117,OL6,16,USA:CA
SAMN21578991,PASS,90,"5,298,528",202,"58,872.50","814,697",vparahaemolyticus,135,dnaE(17),gyrB(16),recA(95),dtdS(7),pntA(24),pyrC(16),tnaA(20),KL117,OL6,16,USA:NV
SAMN28093311,PASS,90,"5,298,528",202,"58,872.50","814,697",vparahaemolyticus,135,dnaE(17),gyrB(16),recA(95),dtdS(7),pntA(24),pyrC(16),tnaA(20),KL117,OL6,16,USA:NV
SAMN21578981,PASS,86,"5,381,701",202,"62,577.90","814,754",vparahaemolyticus,135,dnaE(17),gyrB(16),recA(95),dtdS(7),pntA(24),pyrC(16),tnaA(20),KL117,OL6,16,USA:CA
SAMN28093307,PASS,86,"5,381,701",202,"62,577.90","814,754",vparahaemolyticus,135,dnaE(17),gyrB(16),recA(95),dtdS(7),pntA(24),pyrC(16),tnaA(20),KL117,OL6,16,USA:CA
SAMN32973011,PASS,53,"5,155,861",204,"97,280.40","1,910,784",vparahaemolyticus,135,dnaE(17),gyrB(16),recA(95),dtdS(7),pntA(24),pyrC(16),tnaA(20),KL18,OL6,16,USA:NJ
SAMN08965175,PASS,94,"5,463,340",202,"58,120.60","713,252",vparahaemolyticus,136,dnaE(45),gyrB(16),recA(92),dtdS(101),pntA(4),pyrC(32),tnaA(23),KL156,OL5,295,USA
SAMN13283490,PASS,136,"5,306,149",203,"39,015.80","442,330",vparahaemolyticus,137,dnaE(31),gyrB(4),recA(91),dtdS(69),pntA(26),pyrC(90),tnaA(23),KL110,OL3_or_OL13,117,USA
SAMN13283457,PASS,85,"5,315,860",203,"62,539.50","972,123",vparahaemolyticus,137,dnaE(31),gyrB(4),recA(91),dtdS(69),pntA(26),pyrC(90),tnaA(23),KL110,OL3_or_OL13,117,USA
SAMN13283464,PASS,80,"5,315,275",203,"66,440.90","972,123",vparahaemolyticus,137,dnaE(31),gyrB(4),recA(91),dtdS(69),pntA(26),pyrC(90),tnaA(23),KL110,OL3_or_OL13,117,USA
SAMN13283515,PASS,79,"5,314,930",203,"67,277.60","972,123",vparahaemolyticus,137,dnaE(31),gyrB(4),recA(91),dtdS(69),pntA(26),pyrC(90),tnaA(23),KL110,OL3_or_OL13,117,USA
SAMN09242518,PASS,59,"5,150,766",210,"87,301.10","820,947",vparahaemolyticus,137,dnaE(31),gyrB(4),recA(91),dtdS(69),pntA(26),pyrC(90),tnaA(23),KL110,OL3_or_OL13,117,USA
SAMN08902771,FAIL,348,"5,839,581",203,"16,780.40","318,013",vparahaemolyticus,137,dnaE(31),gyrB(4),recA(91),dtdS(69),pntA(26),pyrC(90),tnaA(23),KL110,OL3_or_OL13,#N/A,USA
SAMN27590641,PASS,81,"5,256,087",202,"64,890","943,092",vparahaemolyticus,138,dnaE(47),gyrB(58),recA(53),dtdS(104),pntA(26),pyrC(37),tnaA(26),KL34,OL4,18,USA
SAMN12783981,PASS,167,"5,114,113",201,"30,623.40","218,230",vparahaemolyticus,138,dnaE(47),gyrB(58),recA(53),dtdS(104),pntA(26),pyrC(37),tnaA(26),KL34,OL4,18,USA
SAMN12784264,PASS,153,"5,128,797",201,"33,521.50","397,641",vparahaemolyticus,138,dnaE(47),gyrB(58),recA(53),dtdS(104),pntA(26),pyrC(37),tnaA(26),KL34,OL4,18,USA
SAMN12783995,PASS,116,"5,135,278",206,"44,269.60","403,311",vparahaemolyticus,138,dnaE(47),gyrB(58),recA(53),dtdS(104),pntA(26),pyrC(37),tnaA(26),KL34,OL4,18,USA
SAMN08965178,PASS,108,"5,146,980",201,"47,657.20","397,641",vparahaemolyticus,138,dnaE(47),gyrB(58),recA(53),dtdS(104),pntA(26),pyrC(37),tnaA(26),KL34,OL4,18,USA
SAMN09296187,PASS,105,"5,201,129",204,"49,534.60","472,158",vparahaemolyticus,138,dnaE(47),gyrB(58),recA(53),dtdS(104),pntA(26),pyrC(37),tnaA(26),KL34,OL4,18,USA
SAMN13808808,PASS,102,"5,155,224",204,"50,541.40","397,641",vparahaemolyticus,138,dnaE(47),gyrB(58),recA(53),dtdS(104),pntA(26),pyrC(37),tnaA(26),KL34,OL4,18,USA
SAMN08965164,PASS,98,"5,152,464",206,"52,576.20","375,295",vparahaemolyticus,138,dnaE(47),gyrB(58),recA(53),dtdS(104),pntA(26),pyrC(37),tnaA(26),KL34,OL4,18,USA
SAMN08965153,PASS,93,"5,146,412",201,"55,337.80","397,875",vparahaemolyticus,138,dnaE(47),gyrB(58),recA(53),dtdS(104),pntA(26),pyrC(37),tnaA(26),KL34,OL4,18,USA
SAMN09242487,PASS,93,"5,152,420",201,"55,402.40","473,871",vparahaemolyticus,138,dnaE(47),gyrB(58),recA(53),dtdS(104),pntA(26),pyrC(37),tnaA(26),KL34,OL4,18,USA
SAMN08965158,PASS,92,"5,155,772",201,"56,041","375,295",vparahaemolyticus,138,dnaE(47),gyrB(58),recA(53),dtdS(104),pntA(26),pyrC(37),tnaA(26),KL34,OL4,18,USA
SAMN14064563,PASS,82,"5,155,937",201,"62,877.30","472,158",vparahaemolyticus,138,dnaE(47),gyrB(58),recA(53),dtdS(104),pntA(26),pyrC(37),tnaA(26),KL34,OL4,18,USA
SAMN09074990,PASS,81,"5,257,666",201,"64,909.50","468,576",vparahaemolyticus,138,dnaE(47),gyrB(58),recA(53),dtdS(104),pntA(26),pyrC(37),tnaA(26),KL34,OL4,18,USA
SAMN08965189,PASS,79,"5,154,762",204,"65,250.20","472,158",vparahaemolyticus,138,dnaE(47),gyrB(58),recA(53),dtdS(104),pntA(26),pyrC(37),tnaA(26),KL34,OL4,18,USA
SAMN08965113,PASS,78,"5,154,770",206,"66,086.80","397,641",vparahaemolyticus,138,dnaE(47),gyrB(58),recA(53),dtdS(104),pntA(26),pyrC(37),tnaA(26),KL34,OL4,18,USA
SAMN08965194,PASS,78,"5,157,365",201,"66,120.10","618,631",vparahaemolyticus,138,dnaE(47),gyrB(58),recA(53),dtdS(104),pntA(26),pyrC(37),tnaA(26),KL34,OL4,18,USA
SAMN13808833,PASS,77,"5,158,687",204,"66,995.90","555,071",vparahaemolyticus,138,dnaE(47),gyrB(58),recA(53),dtdS(104),pntA(26),pyrC(37),tnaA(26),KL34,OL4,18,USA
SAMN08965103,PASS,77,"5,162,403",206,"67,044.20","375,295",vparahaemolyticus,138,dnaE(47),gyrB(58),recA(53),dtdS(104),pntA(26),pyrC(37),tnaA(26),KL34,OL4,18,USA
SAMN13809858,PASS,74,"5,257,107",210,"71,042","942,709",vparahaemolyticus,138,dnaE(47),gyrB(58),recA(53),dtdS(104),pntA(26),pyrC(37),tnaA(26),KL34,OL4,18,USA
SAMN08965102,PASS,73,"5,162,556",201,"70,719.90","525,074",vparahaemolyticus,138,dnaE(47),gyrB(58),recA(53),dtdS(104),pntA(26),pyrC(37),tnaA(26),KL34,OL4,18,USA
SAMN09242522,PASS,73,"5,165,657",201,"70,762.40","624,643",vparahaemolyticus,138,dnaE(47),gyrB(58),recA(53),dtdS(104),pntA(26),pyrC(37),tnaA(26),KL34,OL4,18,USA
SAMN08902754,PASS,72,"5,159,602",206,"71,661.10","555,668",vparahaemolyticus,138,dnaE(47),gyrB(58),recA(53),dtdS(104),pntA(26),pyrC(37),tnaA(26),KL34,OL4,18,USA
SAMN13283471,PASS,72,"5,258,339",200,"73,032.50","942,753",vparahaemolyticus,138,dnaE(47),gyrB(58),recA(53),dtdS(104),pntA(26),pyrC(37),tnaA(26),KL34,OL4,18,USA
SAMN09074393,PASS,71,"5,253,369",201,"73,991.10","472,158",vparahaemolyticus,138,dnaE(47),gyrB(58),recA(53),dtdS(104),pntA(26),pyrC(37),tnaA(26),KL34,OL4,18,USA
SAMN13283473,PASS,71,"5,259,017",206,"74,070.70","949,253",vparahaemolyticus,138,dnaE(47),gyrB(58),recA(53),dtdS(104),pntA(26),pyrC(37),tnaA(26),KL34,OL4,18,USA
SAMN08965126,PASS,69,"5,157,118",206,"74,740.80","688,556",vparahaemolyticus,138,dnaE(47),gyrB(58),recA(53),dtdS(104),pntA(26),pyrC(37),tnaA(26),KL34,OL4,18,USA
SAMN13283492,PASS,68,"5,264,662",206,"77,421.50","1,101,033",vparahaemolyticus,138,dnaE(47),gyrB(58),recA(53),dtdS(104),pntA(26),pyrC(37),tnaA(26),KL34,OL4,18,USA
SAMN08965132,PASS,62,"5,159,984",206,"83,225.50","689,132",vparahaemolyticus,138,dnaE(47),gyrB(58),recA(53),dtdS(104),pntA(26),pyrC(37),tnaA(26),KL34,OL4,18,USA
SAMN13283498,PASS,62,"5,165,270",206,"83,310.80","949,337",vparahaemolyticus,138,dnaE(47),gyrB(58),recA(53),dtdS(104),pntA(26),pyrC(37),tnaA(26),KL34,OL4,18,USA
SAMN08965147,PASS,61,"5,161,368",201,"84,612.60","533,585",vparahaemolyticus,138,dnaE(47),gyrB(58),recA(53),dtdS(104),pntA(26),pyrC(37),tnaA(26),KL34,OL4,18,USA
SAMN08965116,PASS,213,"6,103,094",203,"28,653","305,120",vparahaemolyticus,141,dnaE(31),gyrB(115),recA(22),dtdS(12),pntA(3),pyrC(91),tnaA(68),KLUT1,OL8,49,USA
SAMN14064736,PASS,118,"5,145,769",203,"43,608.20","536,318",vparahaemolyticus,141,dnaE(31),gyrB(115),recA(22),dtdS(12),pntA(3),pyrC(91),tnaA(68),KLUT1,OL8,49,USA
SAMN13809860,PASS,116,"5,150,016",200,"44,396.70","525,086",vparahaemolyticus,141,dnaE(31),gyrB(115),recA(22),dtdS(12),pntA(3),pyrC(91),tnaA(68),KLUT1,OL8,49,USA
SAMN13808809,PASS,92,"5,158,566",203,"56,071.40","535,758",vparahaemolyticus,141,dnaE(31),gyrB(115),recA(22),dtdS(12),pntA(3),pyrC(91),tnaA(68),KLUT1,OL8,49,USA
SAMN13283526,PASS,72,"5,170,660",203,"71,814.70","939,816",vparahaemolyticus,141,dnaE(31),gyrB(115),recA(22),dtdS(12),pntA(3),pyrC(91),tnaA(68),KLUT1,OL8,49,USA
SAMN08469473,PASS,70,"5,167,390",203,"73,819.90","702,556",vparahaemolyticus,141,dnaE(31),gyrB(115),recA(22),dtdS(12),pntA(3),pyrC(91),tnaA(68),KLUT1,OL8,49,USA
SAMN09295481,PASS,67,"5,167,046",203,"77,120.10","813,713",vparahaemolyticus,141,dnaE(31),gyrB(115),recA(22),dtdS(12),pntA(3),pyrC(91),tnaA(68),KLUT1,OL8,49,USA
SAMN13283480,PASS,67,"5,171,239",203,"77,182.70","1,809,767",vparahaemolyticus,141,dnaE(31),gyrB(115),recA(22),dtdS(12),pntA(3),pyrC(91),tnaA(68),KLUT1,OL8,49,USA
SAMN13283494,PASS,66,"5,171,126",203,"78,350.40","1,809,767",vparahaemolyticus,141,dnaE(31),gyrB(115),recA(22),dtdS(12),pntA(3),pyrC(91),tnaA(68),KLUT1,OL8,49,USA
SAMN13283497,PASS,66,"5,285,490",203,"80,083.20","1,809,767",vparahaemolyticus,141,dnaE(31),gyrB(115),recA(22),dtdS(12),pntA(3),pyrC(91),tnaA(68),KLUT1,OL8,49,USA
SAMN09839615,FLAG,70,"5,008,921",204,"71,556","906,429",vibrio,152,gyrB(130),pyrH(101),recA(62),atpA(19),0,0,0,KL6,OL3_or_OL13,#N/A,USA
SAMN27590663,PASS,99,"5,099,460",205,"51,509.70","785,279",vparahaemolyticus,153,dnaE(6),gyrB(6),recA(3),dtdS(17),pntA(11),pyrC(35),tnaA(54),KL156,OL12,103,USA
SAMN06214604,FLAG,66,"5,239,982",201,"79,393.70","775,288",vibrio,160,gyrB(121),pyrH(95),recA(115),atpA(42),0,0,0,KL4,OL3_or_OL13,#N/A,USA
SAMN18528247,PASS,56,"5,039,055",228,"89,983.10","1,316,603",vparahaemolyticus,162,dnaE(47),gyrB(58),recA(53),dtdS(19),pntA(50),pyrC(37),tnaA(26),KL34,OL4,31,USA:NJ
SAMN27590646,PASS,77,"5,194,902",204,"67,466.30","854,323",vparahaemolyticus,212,dnaE(69),gyrB(92),recA(69),dtdS(114),pntA(54),pyrC(71),tnaA(24),KL32,OL15,58,USA
SAMN27591391,PASS,72,"5,271,561",203,"73,216.10","856,938",vparahaemolyticus,212,dnaE(69),gyrB(92),recA(69),dtdS(114),pntA(54),pyrC(71),tnaA(24),KL32,OL15,58,USA
SAMN09295475,PASS,76,"5,075,504",200,"66,782.90","498,737",vparahaemolyticus,212,dnaE(69),gyrB(92),recA(69),dtdS(114),pntA(54),pyrC(71),tnaA(24),KL32,OL15,58,USA
SAMN09074618,PASS,74,"5,187,829",200,"70,105.80","589,642",vparahaemolyticus,212,dnaE(69),gyrB(92),recA(69),dtdS(114),pntA(54),pyrC(71),tnaA(24),KL32,OL15,58,USA
SAMN09074615,PASS,64,"5,189,874",200,"81,091.80","677,963",vparahaemolyticus,212,dnaE(69),gyrB(92),recA(69),dtdS(114),pntA(54),pyrC(71),tnaA(24),KL32,OL15,58,USA
SAMN09296051,PASS,63,"5,202,480",200,"82,579","716,750",vparahaemolyticus,212,dnaE(69),gyrB(92),recA(69),dtdS(114),pntA(54),pyrC(71),tnaA(24),KL32,OL15,58,USA
SAMN08902719,PASS,61,"5,188,935",200,"85,064.50","698,412",vparahaemolyticus,212,dnaE(69),gyrB(92),recA(69),dtdS(114),pntA(54),pyrC(71),tnaA(24),KL32,OL15,58,USA
SAMN09075001,PASS,59,"5,189,281",200,"87,953.90","569,674",vparahaemolyticus,212,dnaE(69),gyrB(92),recA(69),dtdS(114),pntA(54),pyrC(71),tnaA(24),KL32,OL15,58,USA
SAMN19796195,PASS,67,"5,209,250",204,"77,750","777,060",vparahaemolyticus,284,dnaE(135),gyrB(168),recA(98),dtdS(140),pntA(56),pyrC(11),tnaA(33),KL156,OL11,403,USA:NJ
SAMN25285888,PASS,99,"5,390,806",201,"54,452.60","1,834,803",vparahaemolyticus,288,dnaE(3),gyrB(25),recA(60),dtdS(144),pntA(31),pyrC(128),tnaA(26),KL24,OL16,243,USA:NJ
SAMN09242513,PASS,87,"5,147,843",202,"59,170.60","619,949",vparahaemolyticus,308,dnaE(12),gyrB(178),recA(25),dtdS(153),pntA(27),pyrC(78),tnaA(54),KL52,OL12,55,USA
SAMN02368276,PASS,143,"5,064,919",207,"35,419","376,206",vparahaemolyticus,313,dnaE(142),gyrB(29),recA(10),dtdS(7),pntA(4),pyrC(24),tnaA(20),KL120,OL1,5,USA:FL
SAMN03358817,PASS,139,"5,066,051",207,"36,446.40","376,211",vparahaemolyticus,313,dnaE(142),gyrB(29),recA(10),dtdS(7),pntA(4),pyrC(24),tnaA(20),KL120,OL1,5,USA
SAMN02368277,PASS,132,"5,060,866",208,"38,339.90","376,206",vparahaemolyticus,313,dnaE(142),gyrB(29),recA(10),dtdS(7),pntA(4),pyrC(24),tnaA(20),KL120,OL1,5,USA:FL
SAMN20458873,PASS,101,"5,036,386",203,"49,865.20","1,298,221",vparahaemolyticus,320,dnaE(145),gyrB(177),recA(140),dtdS(158),pntA(4),pyrC(132),tnaA(104),KL70,OL8,314,USA:NJ
SAMN20305592,PASS,85,"5,141,710",203,"60,490.70","1,309,348",vparahaemolyticus,320,dnaE(145),gyrB(177),recA(140),dtdS(158),pntA(4),pyrC(132),tnaA(104),KL70,OL8,314,USA:NJ
SAMN02368256,PASS,82,"5,180,692",208,"63,179.20","812,616",vparahaemolyticus,320,dnaE(145),gyrB(177),recA(140),dtdS(158),pntA(4),pyrC(132),tnaA(104),KL70,OL8,314,USA:FL
SAMN28767274,PASS,95,"5,297,263",203,"55,760.70","721,456",vparahaemolyticus,322,dnaE(86),gyrB(117),recA(35),dtdS(19),pntA(26),pyrC(92),tnaA(15),KL25,OL11,50,Canada: British Columbia
SAMN27590326,PASS,91,"5,280,059",203,"58,022.60","1,179,635",vparahaemolyticus,322,dnaE(86),gyrB(117),recA(35),dtdS(19),pntA(26),pyrC(92),tnaA(15),KL120,OL11,50,USA
SAMN27590323,PASS,90,"5,284,108",203,"58,712.30","1,179,704",vparahaemolyticus,322,dnaE(86),gyrB(117),recA(35),dtdS(19),pntA(26),pyrC(92),tnaA(15),KL120,OL11,50,USA
SAMN27591392,PASS,78,"5,269,904",201,"67,562.90","1,179,506",vparahaemolyticus,322,dnaE(86),gyrB(117),recA(35),dtdS(19),pntA(26),pyrC(92),tnaA(15),KL120,OL11,50,USA
SAMN33843938,PASS,73,"5,319,718",203,"72,872.80","728,416",vparahaemolyticus,322,dnaE(86),gyrB(117),recA(35),dtdS(19),pntA(26),pyrC(92),tnaA(15),KL120,OL11,50,USA
SAMN09242496,PASS,105,"5,249,145",203,"49,991.90","407,290",vparahaemolyticus,322,dnaE(86),gyrB(117),recA(35),dtdS(19),pntA(26),pyrC(92),tnaA(15),KL120,OL11,50,USA
SAMN09296178,PASS,85,"5,258,031",203,"61,859.20","618,684",vparahaemolyticus,322,dnaE(86),gyrB(117),recA(35),dtdS(19),pntA(26),pyrC(92),tnaA(15),KL120,OL11,50,USA
SAMN08902706,PASS,83,"5,227,709",203,"62,984.40","625,515",vparahaemolyticus,322,dnaE(86),gyrB(117),recA(35),dtdS(19),pntA(26),pyrC(92),tnaA(15),KL120,OL11,50,USA
SAMN09242510,PASS,80,"5,261,203",203,"65,765","1,135,413",vparahaemolyticus,322,dnaE(86),gyrB(117),recA(35),dtdS(19),pntA(26),pyrC(92),tnaA(15),KL120,OL11,50,USA
SAMN09296181,PASS,80,"5,288,737",203,"66,109.20","625,523",vparahaemolyticus,322,dnaE(86),gyrB(117),recA(35),dtdS(19),pntA(26),pyrC(92),tnaA(15),KL120,OL11,50,USA
SAMN09296189,PASS,69,"5,303,852",203,"76,867.40","1,179,878",vparahaemolyticus,322,dnaE(86),gyrB(117),recA(35),dtdS(19),pntA(26),pyrC(92),tnaA(15),KL120,OL11,50,USA
SAMN09296196,PASS,69,"5,333,376",200,"77,295.30","1,179,704",vparahaemolyticus,322,dnaE(86),gyrB(117),recA(35),dtdS(19),pntA(26),pyrC(92),tnaA(15),KL120,OL11,50,USA
SAMN27590644,PASS,95,"5,286,485",200,"55,647.20","1,237,200",vparahaemolyticus,323,dnaE(93),gyrB(118),recA(6),dtdS(19),pntA(24),pyrC(93),tnaA(81),KL48,OL3_or_OL13,23,USA
SAMN27590654,PASS,88,"5,312,280",205,"60,366.80","1,236,482",vparahaemolyticus,323,dnaE(93),gyrB(118),recA(6),dtdS(19),pntA(24),pyrC(93),tnaA(81),KL48,OL3_or_OL13,23,USA
SAMN09242482,PASS,158,"5,282,857",204,"33,435.80","381,469",vparahaemolyticus,323,dnaE(93),gyrB(118),recA(6),dtdS(19),pntA(24),pyrC(93),tnaA(81),KL48,OL3_or_OL13,23,USA
SAMN28495046,PASS,122,"5,318,819",205,"43,596.90","1,008,497",vparahaemolyticus,323,dnaE(93),gyrB(118),recA(6),dtdS(19),pntA(24),pyrC(93),tnaA(81),KL48,OL3_or_OL13,23,"Canada: Parksville, British Columbia"
SAMN13283463,PASS,105,"5,365,480",203,"51,099.80","1,348,848",vparahaemolyticus,323,dnaE(93),gyrB(118),recA(6),dtdS(19),pntA(24),pyrC(93),tnaA(81),KL48,OL3_or_OL13,23,USA
SAMN21578987,PASS,101,"5,284,969",200,"52,326.40","1,031,483",vparahaemolyticus,323,dnaE(93),gyrB(118),recA(6),dtdS(19),pntA(24),pyrC(93),tnaA(81),KL48,OL3_or_OL13,23,USA:NV
SAMN28093310,PASS,101,"5,284,969",200,"52,326.40","1,031,483",vparahaemolyticus,323,dnaE(93),gyrB(118),recA(6),dtdS(19),pntA(24),pyrC(93),tnaA(81),KL48,OL3_or_OL13,23,USA:NV
SAMN09296210,PASS,97,"5,348,225",209,"55,136.30","755,928",vparahaemolyticus,323,dnaE(93),gyrB(118),recA(6),dtdS(19),pntA(24),pyrC(93),tnaA(81),KL48,OL3_or_OL13,23,USA
SAMN20975119,PASS,95,"5,242,868",215,"55,188.10","1,262,797",vparahaemolyticus,323,dnaE(93),gyrB(118),recA(6),dtdS(19),pntA(24),pyrC(93),tnaA(81),KL30-1,OL3_or_OL13,23,USA:NJ
SAMN09242520,PASS,91,"5,347,920",209,"58,768.40","763,055",vparahaemolyticus,323,dnaE(93),gyrB(118),recA(6),dtdS(19),pntA(24),pyrC(93),tnaA(81),KL48,OL3_or_OL13,23,USA
SAMN20849612,PASS,86,"5,179,512",207,"60,226.90","1,237,436",vparahaemolyticus,323,dnaE(93),gyrB(118),recA(6),dtdS(19),pntA(24),pyrC(93),tnaA(81),KL48,OL3_or_OL13,23,USA:NJ
SAMN09295533,PASS,79,"5,279,479",202,"66,828.80","919,022",vparahaemolyticus,323,dnaE(93),gyrB(118),recA(6),dtdS(19),pntA(24),pyrC(93),tnaA(81),KL48,OL3_or_OL13,23,USA
SAMN18742560,PASS,75,"5,233,309",205,"69,777.50","777,538",vparahaemolyticus,323,dnaE(93),gyrB(118),recA(6),dtdS(19),pntA(24),pyrC(93),tnaA(81),KL30-1,OL3_or_OL13,23,USA:NJ
SAMN25285901,PASS,73,"5,162,421",215,"70,718.10","849,238",vparahaemolyticus,323,dnaE(93),gyrB(118),recA(6),dtdS(19),pntA(24),pyrC(93),tnaA(81),KL30-1,OL3_or_OL13,23,USA:NJ
SAMN18528257,PASS,72,"5,267,822",215,"73,164.20","1,320,965",vparahaemolyticus,323,dnaE(93),gyrB(118),recA(6),dtdS(19),pntA(24),pyrC(93),tnaA(81),KL105,OL3_or_OL13,23,USA:NJ
SAMN27514931,PASS,56,"5,219,954",210,"93,213.50","1,874,369",vparahaemolyticus,323,dnaE(93),gyrB(118),recA(6),dtdS(19),pntA(24),pyrC(93),tnaA(81),KL25,OL3_or_OL13,23,USA:NJ
SAMN08965159,PASS,129,"5,289,614",203,"41,004.80","243,235",vparahaemolyticus,324,dnaE(20),gyrB(25),recA(15),dtdS(13),pntA(7),pyrC(3),tnaA(5),KL132,OL4,14,USA
SAMN27514928,PASS,70,"5,077,189",200,"72,531.30","1,692,296",vparahaemolyticus,338,dnaE(149),gyrB(184),recA(31),dtdS(76),pntA(98),pyrC(11),tnaA(84),KL28,OL2,44,USA:NJ
SAMN35217024,FLAG,80,"5,286,395",201,"66,079.90","771,012",vibrio,343,gyrB(202),pyrH(40),recA(197),atpA(139),0,0,0,KLUT4,OL4,#N/A,Spain: Cadiz
SAMN35217028,FLAG,70,"5,159,790",203,"73,711.30","672,649",vibrio,343,gyrB(202),pyrH(40),recA(197),atpA(139),0,0,0,KLUT4,OL4,#N/A,Spain: Cadiz
SAMN18510957,PASS,203,"5,393,257",209,"26,567.80","372,111",vparahaemolyticus,412,dnaE(142),gyrB(29),recA(10),dtdS(7),pntA(14),pyrC(24),tnaA(20),KL120,OL1,5,USA:NJ
SAMN25656903,PASS,140,"5,132,242",205,"36,658.90","1,760,285",vparahaemolyticus,445,dnaE(137),gyrB(238),recA(3),dtdS(194),pntA(122),pyrC(11),tnaA(131),KL124,OL3_or_OL13,87,USA:NJ
SAMN20458877,PASS,66,"5,231,459",200,"79,264.50","1,865,193",vparahaemolyticus,470,dnaE(42),gyrB(248),recA(19),dtdS(76),pntA(129),pyrC(46),tnaA(69),KL131,OL10,125,USA:NJ
SAMN18510953,PASS,76,"4,989,454",200,"65,650.70","409,712",vparahaemolyticus,471,dnaE(175),gyrB(22),recA(168),dtdS(201),pntA(130),pyrC(17),tnaA(73),KL28,OL2,77,USA:NJ
SAMN31814924,PASS,79,"5,154,137",213,"65,242.20","997,915",vparahaemolyticus,481,dnaE(4),gyrB(13),recA(11),dtdS(91),pntA(18),pyrC(9),tnaA(23),KL129,OL3_or_OL13,21,USA:NJ
SAMN32973013,PASS,78,"5,063,689",208,"64,919.10","1,831,723",vparahaemolyticus,481,dnaE(4),gyrB(13),recA(11),dtdS(91),pntA(18),pyrC(9),tnaA(23),KL18,OL6,21,USA:NJ
SAMN27590661,FLAG,88,"5,125,439",206,"58,243.60","1,708,163",vibrio,533,gyrB(253),pyrH(179),recA(222),atpA(19),0,0,0,KL28,OL2,#N/A,USA
SAMN25656894,PASS,94,"5,055,185",216,"53,778.60","1,346,261",vparahaemolyticus,536,dnaE(14),gyrB(30),recA(49),dtdS(11),pntA(49),pyrC(11),tnaA(13),KL55,OL4,241,USA:NJ
SAMN02368229,PASS,93,"5,010,877",203,"53,880.40","542,195",vparahaemolyticus,536,dnaE(14),gyrB(30),recA(49),dtdS(11),pntA(49),pyrC(11),tnaA(13),KL55,OL4,241,USA:FL
SAMN27646140,PASS,117,"5,038,441",203,"43,063.60","706,702",vparahaemolyticus,541,dnaE(17),gyrB(296),recA(13),dtdS(224),pntA(95),pyrC(31),tnaA(26),KL33,OL1,326,USA
SAMN27646136,PASS,114,"5,036,828",204,"44,182.70","706,702",vparahaemolyticus,541,dnaE(17),gyrB(296),recA(13),dtdS(224),pntA(95),pyrC(31),tnaA(26),KL33,OL1,326,USA
SAMN02368241,FLAG,88,"5,186,787",202,"58,940.80","497,394",vibrio,581,gyrB(231),pyrH(50),recA(277),atpA(19),0,0,0,KL129,OL3_or_OL13,#N/A,USA:WA
SAMN02368242,FLAG,87,"5,187,851",203,"59,630.50","497,394",vibrio,581,gyrB(231),pyrH(50),recA(277),atpA(19),0,0,0,KL129,OL3_or_OL13,#N/A,USA:WA
SAMN02368243,FLAG,82,"5,187,423",202,"63,261.30","497,228",vibrio,581,gyrB(231),pyrH(50),recA(277),atpA(19),0,0,0,KL129,OL3_or_OL13,#N/A,USA:WA
SAMN02368240,FLAG,81,"5,186,924",202,"64,036.10","551,892",vibrio,581,gyrB(231),pyrH(50),recA(277),atpA(19),0,0,0,KL129,OL3_or_OL13,#N/A,USA:WA
SAMN02368239,FLAG,73,"5,186,531",202,"71,048.40","540,695",vibrio,581,gyrB(231),pyrH(50),recA(277),atpA(19),0,0,0,KL129,OL3_or_OL13,#N/A,USA:WA
SAMN27114196,FLAG,62,"5,022,497",209,"81,008","1,793,935",vibrio,586,gyrB(293),pyrH(36),recA(282),atpA(60),0,0,0,KL32,OL15,#N/A,USA:NJ
SAMN08902723,PASS,84,"5,110,116",203,"60,834.70","814,936",vparahaemolyticus,630,dnaE(19),gyrB(17),recA(21),dtdS(260),pntA(24),pyrC(23),tnaA(24),KL115,OL3_or_OL13,297,USA
SAMN08902724,PASS,73,"5,110,517",203,"70,007.10","606,363",vparahaemolyticus,630,dnaE(19),gyrB(17),recA(21),dtdS(260),pntA(24),pyrC(23),tnaA(24),KL115,OL3_or_OL13,297,USA
SAMN08965186,PASS,111,"5,229,892",203,"47,116.10","275,965",vparahaemolyticus,631,dnaE(222),gyrB(128),recA(21),dtdS(69),pntA(46),pyrC(236),tnaA(12),KL15,OL11,4,USA
SAMN09242494,PASS,96,"5,229,413",207,"54,473.10","695,075",vparahaemolyticus,631,dnaE(222),gyrB(128),recA(21),dtdS(69),pntA(46),pyrC(236),tnaA(12),KL15,OL11,4,USA
SAMN08965165,PASS,88,"5,231,846",207,"59,452.80","703,450",vparahaemolyticus,631,dnaE(222),gyrB(128),recA(21),dtdS(69),pntA(46),pyrC(236),tnaA(12),KL15,OL11,4,USA
SAMN06042542,PASS,85,"5,208,281",212,"61,273.90","527,743",vparahaemolyticus,631,dnaE(222),gyrB(128),recA(21),dtdS(69),pntA(46),pyrC(236),tnaA(12),KL15,OL11,4,0
SAMN13283476,PASS,82,"5,237,933",207,"63,877.20","831,004",vparahaemolyticus,631,dnaE(222),gyrB(128),recA(21),dtdS(69),pntA(46),pyrC(236),tnaA(12),KL15,OL11,4,USA
SAMN08965185,PASS,81,"5,233,877",207,"64,615.80","907,960",vparahaemolyticus,631,dnaE(222),gyrB(128),recA(21),dtdS(69),pntA(46),pyrC(236),tnaA(12),KL15,OL11,4,USA
SAMN06042543,PASS,81,"5,235,750",220,"64,638.90","527,743",vparahaemolyticus,631,dnaE(222),gyrB(128),recA(21),dtdS(69),pntA(46),pyrC(236),tnaA(12),KL15,OL11,4,0
SAMN08965152,PASS,80,"5,232,194",207,"65,402.40","708,712",vparahaemolyticus,631,dnaE(222),gyrB(128),recA(21),dtdS(69),pntA(46),pyrC(236),tnaA(12),KL15,OL11,4,USA
SAMN13283453,PASS,76,"5,237,762",207,"68,917.90","1,224,270",vparahaemolyticus,631,dnaE(222),gyrB(128),recA(21),dtdS(69),pntA(46),pyrC(236),tnaA(12),KL15,OL11,4,USA
SAMN13283505,PASS,76,"5,238,005",207,"68,921.10","1,224,270",vparahaemolyticus,631,dnaE(222),gyrB(128),recA(21),dtdS(69),pntA(46),pyrC(236),tnaA(12),KL15,OL11,4,USA
SAMN13283483,PASS,74,"5,238,124",207,"70,785.50","1,224,270",vparahaemolyticus,631,dnaE(222),gyrB(128),recA(21),dtdS(69),pntA(46),pyrC(236),tnaA(12),KL15,OL11,4,USA
SAMN13283509,PASS,73,"5,236,947",207,"71,739","1,224,270",vparahaemolyticus,631,dnaE(222),gyrB(128),recA(21),dtdS(69),pntA(46),pyrC(236),tnaA(12),KL15,OL11,4,USA
SAMN13283455,PASS,70,"5,237,747",207,"74,825","1,813,886",vparahaemolyticus,631,dnaE(222),gyrB(128),recA(21),dtdS(69),pntA(46),pyrC(236),tnaA(12),KL15,OL11,4,USA
SAMN13283474,PASS,67,"5,237,619",207,"78,173.40","1,224,270",vparahaemolyticus,631,dnaE(222),gyrB(128),recA(21),dtdS(69),pntA(46),pyrC(236),tnaA(12),KL15,OL11,4,USA
SAMN33214614,PASS,71,"5,242,526",203,"73,838.40","1,283,489",vparahaemolyticus,674,dnaE(83),gyrB(82),recA(73),dtdS(83),pntA(4),pyrC(77),tnaA(58),KL17,OL14,30,USA
SAMN32316476,PASS,68,"5,251,939",201,"77,234.40","1,815,209",vparahaemolyticus,674,dnaE(83),gyrB(82),recA(73),dtdS(83),pntA(4),pyrC(77),tnaA(58),KL17,OL14,30,USA
SAMN13634676,PASS,85,"5,242,775",201,"61,679.70","784,155",vparahaemolyticus,674,dnaE(83),gyrB(82),recA(73),dtdS(83),pntA(4),pyrC(77),tnaA(58),KL17,OL14,30,USA: Connecticut
SAMN06917277,PASS,71,"5,226,985",201,"73,619.50","844,794",vparahaemolyticus,674,dnaE(83),gyrB(82),recA(73),dtdS(83),pntA(4),pyrC(77),tnaA(58),KL17,OL14,30,0
SAMN13634677,PASS,60,"5,242,378",203,"87,373","1,296,380",vparahaemolyticus,674,dnaE(83),gyrB(82),recA(73),dtdS(83),pntA(4),pyrC(77),tnaA(58),KL17,OL14,30,USA: Connecticut
SAMN31466620,PASS,59,"5,097,734",204,"86,402.30","1,792,143",vparahaemolyticus,674,dnaE(83),gyrB(82),recA(73),dtdS(83),pntA(4),pyrC(77),tnaA(58),KL17,OL14,30,USA:NJ
SAMN18528256,PASS,56,"5,095,095",204,"90,983.80","1,760,050",vparahaemolyticus,674,dnaE(83),gyrB(82),recA(73),dtdS(83),pntA(4),pyrC(77),tnaA(58),KL17,OL14,30,USA:NJ
SAMN03177811,PASS,86,"5,237,292",201,"60,898.70","665,668",vparahaemolyticus,674,dnaE(83),gyrB(82),recA(73),dtdS(83),pntA(4),pyrC(77),tnaA(58),KL17,OL14,30,0
SAMN03358819,PASS,109,"5,049,669",200,"46,327.20","799,250",vparahaemolyticus,676,dnaE(60),gyrB(106),recA(31),dtdS(72),pntA(66),pyrC(62),tnaA(65),KL130,OL8,124,USA:AL
SAMN02368254,PASS,102,"5,019,401",200,"49,209.80","799,250",vparahaemolyticus,676,dnaE(60),gyrB(106),recA(31),dtdS(72),pntA(66),pyrC(62),tnaA(65),KL130,OL8,124,USA:VA
SAMN02368252,PASS,96,"5,017,694",200,"52,267.60","799,250",vparahaemolyticus,676,dnaE(60),gyrB(106),recA(31),dtdS(72),pntA(66),pyrC(62),tnaA(65),KL130,OL8,124,USA:VA
SAMN02368253,PASS,91,"5,017,366",202,"55,135.90","799,250",vparahaemolyticus,676,dnaE(60),gyrB(106),recA(31),dtdS(72),pntA(66),pyrC(62),tnaA(65),KL130,OL8,124,USA:VA
SAMN02741390,PASS,66,"5,025,344",205,"76,141.60","800,720",vparahaemolyticus,676,dnaE(60),gyrB(106),recA(31),dtdS(72),pntA(66),pyrC(62),tnaA(65),KL130,OL8,124,USA
SAMN19796194,PASS,57,"5,016,098",204,"88,001.70","1,266,022",vparahaemolyticus,721,dnaE(60),gyrB(143),recA(233),dtdS(29),pntA(47),pyrC(78),tnaA(17),KL28,OL2,404,USA:NJ
SAMN02368227,PASS,144,"5,125,267",202,"35,592.10","503,561",vparahaemolyticus,732,dnaE(241),gyrB(330),recA(205),dtdS(253),pntA(28),pyrC(22),tnaA(188),KL10,OL4-1,1043,USA:LA
SAMN02368232,PASS,99,"4,949,603",200,"49,996","526,324",vparahaemolyticus,734,dnaE(235),gyrB(22),recA(25),dtdS(273),pntA(164),pyrC(254),tnaA(20),KL139,OL11,1042,USA:FL
SAMN02368255,PASS,83,"4,896,365",201,"58,992.30","438,532",vparahaemolyticus,737,dnaE(45),gyrB(336),recA(143),dtdS(7),pntA(171),pyrC(255),tnaA(36),KLUT6,OL6,478,USA:FL
SAMN02368265,PASS,132,"5,080,743",208,"38,490.50","376,708",vparahaemolyticus,739,dnaE(17),gyrB(331),recA(235),dtdS(23),pntA(33),pyrC(137),tnaA(94),KL121,OL11,1039,USA:FL
SAMN02368270,PASS,125,"5,068,138",200,"40,545.10","755,217",vparahaemolyticus,741,dnaE(26),gyrB(16),recA(41),dtdS(224),pntA(31),pyrC(32),tnaA(23),KL122,OL3_or_OL13,312,USA:SC
SAMN19918858,PASS,73,"5,049,173",203,"69,166.80","1,763,945",vparahaemolyticus,741,dnaE(26),gyrB(16),recA(41),dtdS(224),pntA(31),pyrC(32),tnaA(23),KL122,OL3_or_OL13,312,USA:NJ
SAMN02368274,PASS,97,"4,935,367",200,"50,880.10","730,033",vparahaemolyticus,743,dnaE(17),gyrB(64),recA(137),dtdS(60),pntA(94),pyrC(11),tnaA(51),KL138,OL5,238,USA:FL
SAMN31466635,PASS,53,"5,083,454",203,"95,914.20","1,180,403",vparahaemolyticus,750,dnaE(17),gyrB(57),recA(52),dtdS(285),pntA(44),pyrC(28),tnaA(36),KL56,OL5,33,USA:NJ
SAMN27590324,PASS,90,"5,070,911",204,"56,343.50","1,746,444",vparahaemolyticus,758,dnaE(238),gyrB(106),recA(75),dtdS(123),pntA(30),pyrC(11),tnaA(46),KL12,OL3_or_OL13,37,USA
SAMN12783979,PASS,192,"5,267,380",204,"27,434.30","486,663",vparahaemolyticus,762,dnaE(240),gyrB(337),recA(240),dtdS(19),pntA(169),pyrC(262),tnaA(185),KL6,OL3_or_OL13,296,USA
SAMN08965149,PASS,136,"5,302,445",204,"38,988.60","486,528",vparahaemolyticus,762,dnaE(240),gyrB(337),recA(240),dtdS(19),pntA(169),pyrC(262),tnaA(185),KL6,OL3_or_OL13,296,USA
SAMN08965151,PASS,130,"5,294,349",204,"40,725.80","406,990",vparahaemolyticus,762,dnaE(240),gyrB(337),recA(240),dtdS(19),pntA(169),pyrC(262),tnaA(185),KL6,OL3_or_OL13,296,USA
SAMN18528232,PASS,104,"5,185,310",203,"49,858.80","891,552",vparahaemolyticus,767,dnaE(111),gyrB(239),recA(205),dtdS(195),pntA(28),pyrC(46),tnaA(23),KLUT1,OL3_or_OL13,412,USA:NJ
SAMN13283520,PASS,114,"5,135,485",204,"45,048.10","635,200",vparahaemolyticus,768,dnaE(29),gyrB(339),recA(75),dtdS(123),pntA(30),pyrC(18),tnaA(46),KL12,OL3_or_OL13,37,USA
SAMN08965134,PASS,77,"5,139,583",204,"66,747.80","616,627",vparahaemolyticus,768,dnaE(29),gyrB(339),recA(75),dtdS(123),pntA(30),pyrC(18),tnaA(46),KL12,OL3_or_OL13,37,USA
SAMN13283446,PASS,68,"5,148,032",204,"75,706.40","1,752,930",vparahaemolyticus,768,dnaE(29),gyrB(339),recA(75),dtdS(123),pntA(30),pyrC(18),tnaA(46),KL12,OL3_or_OL13,37,USA
SAMN31814925,PASS,68,"5,248,778",206,"77,187.90","1,932,513",vparahaemolyticus,768,dnaE(29),gyrB(339),recA(75),dtdS(123),pntA(30),pyrC(18),tnaA(46),KL48,OL3_or_OL13,37,USA:NJ
SAMN09074637,PASS,67,"5,144,846",203,"76,788.70","810,750",vparahaemolyticus,768,dnaE(29),gyrB(339),recA(75),dtdS(123),pntA(30),pyrC(18),tnaA(46),KL12,OL3_or_OL13,37,USA
SAMN02741395,PASS,67,"5,216,202",206,"77,853.80","1,826,654",vparahaemolyticus,768,dnaE(29),gyrB(339),recA(75),dtdS(123),pntA(30),pyrC(18),tnaA(46),KL12,OL3_or_OL13,37,USA
SAMN13283460,PASS,89,"5,123,069",211,"57,562.60","1,908,049",vparahaemolyticus,771,dnaE(20),gyrB(296),recA(3),dtdS(187),pntA(26),pyrC(6),tnaA(2),KL117,OL6,85,USA
SAMN09074632,PASS,77,"5,120,133",219,"66,495.20","725,345",vparahaemolyticus,771,dnaE(20),gyrB(296),recA(3),dtdS(187),pntA(26),pyrC(6),tnaA(2),KL117,OL6,85,USA
SAMN02368273,PASS,143,"5,109,773",207,"35,732.70","436,541",vparahaemolyticus,775,dnaE(31),gyrB(16),recA(13),dtdS(36),pntA(33),pyrC(11),tnaA(19),KL20-1,OL1,65,USA:SC
SAMN02368272,PASS,134,"5,108,323",202,"38,121.80","436,541",vparahaemolyticus,775,dnaE(31),gyrB(16),recA(13),dtdS(36),pntA(33),pyrC(11),tnaA(19),KL20-1,OL1,65,USA:SC
SAMN02368271,PASS,123,"5,094,778",207,"41,421","436,541",vparahaemolyticus,775,dnaE(31),gyrB(16),recA(13),dtdS(36),pntA(33),pyrC(11),tnaA(19),KL20-1,OL1,65,USA:SC
SAMN19796170,PASS,148,"5,419,838",201,"36,620.50","707,812",vparahaemolyticus,807,dnaE(176),gyrB(197),recA(245),dtdS(298),pntA(6),pyrC(39),tnaA(66),KL66,OL1,139,USA:NJ
SAMN02741392,PASS,99,"5,229,658",204,"52,824.80","879,384",vparahaemolyticus,810,dnaE(28),gyrB(144),recA(116),dtdS(138),pntA(26),pyrC(177),tnaA(61),KL156,OL12,64,USA
SAMN31537100,PASS,88,"5,092,259",200,"57,866.60","1,014,123",vparahaemolyticus,810,dnaE(28),gyrB(144),recA(116),dtdS(138),pntA(26),pyrC(177),tnaA(61),KL156,OL12,64,USA:NJ
SAMN02741393,PASS,85,"5,203,520",203,"61,217.90","695,798",vparahaemolyticus,811,dnaE(29),gyrB(7),recA(22),dtdS(12),pntA(20),pyrC(22),tnaA(24),KL107,OL3_or_OL13,25,USA
SAMN18528226,PASS,105,"5,380,982",203,"51,247.40","693,999",vparahaemolyticus,847,dnaE(148),gyrB(355),recA(74),dtdS(19),pntA(127),pyrC(101),tnaA(202),KL28,OL2,17,USA:NJ
SAMN18528258,PASS,82,"5,280,666",203,"64,398.40","1,230,804",vparahaemolyticus,896,dnaE(28),gyrB(17),recA(21),dtdS(119),pntA(20),pyrC(23),tnaA(24),KL121,OL3_or_OL13,51,USA:NJ
SAMN35217049,PASS,95,"5,166,918",203,"54,388.60","494,618",vparahaemolyticus,966,dnaE(12),gyrB(312),recA(25),dtdS(342),pntA(26),pyrC(37),tnaA(132),KL58,OL1,487,Spain: Cadiz
SAMN08965192,PASS,136,"5,366,321",204,"39,458.20","280,640",vparahaemolyticus,1039,dnaE(14),gyrB(30),recA(49),dtdS(78),pntA(27),pyrC(11),tnaA(13),KL117,OL6,220,USA
SAMN35217013,PASS,51,"5,017,066",204,"98,373.80","1,745,540",vparahaemolyticus,1087,dnaE(83),gyrB(49),recA(62),dtdS(70),pntA(181),pyrC(289),tnaA(57),KL45,OL3_or_OL13,138,Spain: Cadiz
SAMN02368223,PASS,73,"5,088,966",207,"69,711.90","685,240",vparahaemolyticus,1133,dnaE(214),gyrB(329),recA(30),dtdS(19),pntA(26),pyrC(69),tnaA(26),KL139,OL16,315,USA:TX
SAMN03358816,PASS,71,"5,181,733",207,"72,982.20","696,453",vparahaemolyticus,1133,dnaE(214),gyrB(329),recA(30),dtdS(19),pntA(26),pyrC(69),tnaA(26),KL139,OL16,315,USA:TX
SAMN02368225,PASS,109,"5,199,730",208,"47,703.90","539,163",vparahaemolyticus,1134,dnaE(137),gyrB(212),recA(19),dtdS(139),pntA(129),pyrC(46),tnaA(14),KL131,OL10,185,USA:TX
SAMN02368224,PASS,107,"5,044,163",208,"47,141.70","539,591",vparahaemolyticus,1134,dnaE(137),gyrB(212),recA(19),dtdS(139),pntA(129),pyrC(46),tnaA(14),KL131,OL10,185,USA:TX
SAMN02368245,PASS,105,"5,264,261",201,"50,135.80","543,536",vparahaemolyticus,1135,dnaE(63),gyrB(326),recA(231),dtdS(191),pntA(48),pyrC(120),tnaA(24),KL120,OL10,184,USA:ME
SAMN13633982,PASS,155,"4,954,371",200,"31,963.70","718,764",vparahaemolyticus,1136,dnaE(31),gyrB(327),recA(13),dtdS(157),pntA(14),pyrC(3),tnaA(20),KL43,OL1,240,USA: Connecticut
SAMN02368247,PASS,109,"5,163,200",224,"47,368.80","565,072",vparahaemolyticus,1136,dnaE(31),gyrB(327),recA(13),dtdS(157),pntA(14),pyrC(3),tnaA(20),KL43,OL1,240,USA:ME
SAMN02368268,PASS,100,"5,049,000",201,"50,490","470,205",vparahaemolyticus,1140,dnaE(19),gyrB(295),recA(295),dtdS(223),pntA(136),pyrC(11),tnaA(13),KL37,OL4,239,USA:FL
SAMN27591407,PASS,76,"5,172,482",203,"68,059","1,414,752",vparahaemolyticus,1141,dnaE(51),gyrB(57),recA(75),dtdS(353),pntA(45),pyrC(78),tnaA(231),KL102,OL10,540,USA
SAMN02368235,PASS,98,"5,053,796",200,"51,569.30","312,681",vparahaemolyticus,1142,dnaE(26),gyrB(118),recA(13),dtdS(321),pntA(33),pyrC(32),tnaA(155),KL114,OL101,1041,USA:LA
SAMN02368266,PASS,86,"5,133,271",202,"59,689.20","537,302",vparahaemolyticus,1146,dnaE(36),gyrB(285),recA(292),dtdS(250),pntA(26),pyrC(227),tnaA(26),KL42,OL4,1038,USA:FL
SAMN02368244,PASS,87,"5,103,913",202,"58,665.70","534,699",vparahaemolyticus,1148,dnaE(293),gyrB(16),recA(13),dtdS(57),pntA(24),pyrC(16),tnaA(20),KL25,OL3_or_OL13,1040,USA:WA
SAMN03358826,PASS,165,"5,080,806",200,"30,792.80","369,129",vparahaemolyticus,1149,dnaE(59),gyrB(417),recA(95),dtdS(361),pntA(14),pyrC(32),tnaA(232),KL119,OL5,237,USA:FL
SAMN03358825,PASS,160,"5,081,559",205,"31,759.70","369,129",vparahaemolyticus,1149,dnaE(59),gyrB(417),recA(95),dtdS(361),pntA(14),pyrC(32),tnaA(232),KL119,OL5,237,USA:FL
SAMN02368275,PASS,151,"5,075,998",200,"33,615.90","369,129",vparahaemolyticus,1149,dnaE(59),gyrB(417),recA(95),dtdS(361),pntA(14),pyrC(32),tnaA(232),KL119,OL5,237,USA:FL
SAMN02368250,PASS,119,"5,070,068",202,"42,605.60","443,033",vparahaemolyticus,1150,dnaE(56),gyrB(16),recA(237),dtdS(362),pntA(33),pyrC(59),tnaA(20),KL139,OL5,183,USA:ME
SAMN02368261,PASS,80,"5,116,032",200,"63,950.40","566,090",vparahaemolyticus,1151,dnaE(47),gyrB(328),recA(299),dtdS(13),pntA(2),pyrC(256),tnaA(23),KL5,OL3_or_OL13,89,USA:PEI
SAMN02368259,PASS,79,"5,116,822",200,"64,769.90","565,784",vparahaemolyticus,1151,dnaE(47),gyrB(328),recA(299),dtdS(13),pntA(2),pyrC(256),tnaA(23),KL5,OL3_or_OL13,89,USA:PEI
SAMN03358823,PASS,78,"5,151,347",200,"66,042.90","566,090",vparahaemolyticus,1151,dnaE(47),gyrB(328),recA(299),dtdS(13),pntA(2),pyrC(256),tnaA(23),KL5,OL3_or_OL13,89,USA
SAMN02368263,PASS,76,"5,114,364",200,"67,294.30","649,977",vparahaemolyticus,1151,dnaE(47),gyrB(328),recA(299),dtdS(13),pntA(2),pyrC(256),tnaA(23),KL5,OL3_or_OL13,89,USA:PEI
SAMN03358822,PASS,75,"5,117,377",200,"68,231.70","565,738",vparahaemolyticus,1151,dnaE(47),gyrB(328),recA(299),dtdS(13),pntA(2),pyrC(256),tnaA(23),KL5,OL3_or_OL13,89,USA:PEI
SAMN03358824,PASS,72,"5,117,357",200,"71,074.40","566,030",vparahaemolyticus,1151,dnaE(47),gyrB(328),recA(299),dtdS(13),pntA(2),pyrC(256),tnaA(23),KL5,OL3_or_OL13,89,USA:PEI
SAMN02368264,PASS,102,"4,928,968",201,"48,323.20","430,791",vparahaemolyticus,1152,dnaE(3),gyrB(16),recA(192),dtdS(363),pntA(206),pyrC(335),tnaA(2),KL136,OL11,104,USA:PEI
SAMN03358821,PASS,102,"4,930,795",201,"48,341.10","430,791",vparahaemolyticus,1152,dnaE(3),gyrB(16),recA(192),dtdS(363),pntA(206),pyrC(335),tnaA(2),KL136,OL11,104,USA:PEI
SAMN18434346,PASS,82,"5,144,956",212,"62,743.40","568,350",vparahaemolyticus,1152,dnaE(3),gyrB(16),recA(192),dtdS(363),pntA(206),pyrC(335),tnaA(2),KL136,OL11,104,China:Beijing
SAMN18434344,PASS,80,"5,026,531",200,"62,831.60","567,996",vparahaemolyticus,1152,dnaE(3),gyrB(16),recA(192),dtdS(363),pntA(206),pyrC(335),tnaA(2),KL136,OL11,104,China:Guangzhou
SAMN02368267,PASS,103,"4,890,179",200,"47,477.50","368,779",vparahaemolyticus,1153,dnaE(49),gyrB(16),recA(13),dtdS(364),pntA(33),pyrC(31),tnaA(2),KL109,OL11,313,USA:FL
SAMN27591397,PASS,101,"5,144,296",200,"50,933.60","562,753",vparahaemolyticus,1155,dnaE(17),gyrB(323),recA(6),dtdS(23),pntA(171),pyrC(29),tnaA(155),KL117,OL6,24,USA
SAMN27646144,PASS,97,"5,148,851",211,"53,080.90","590,724",vparahaemolyticus,1155,dnaE(17),gyrB(323),recA(6),dtdS(23),pntA(171),pyrC(29),tnaA(155),KL117,OL6,24,USA
SAMN27590332,PASS,80,"5,060,948",216,"63,261.90","574,279",vparahaemolyticus,1155,dnaE(17),gyrB(323),recA(6),dtdS(23),pntA(171),pyrC(29),tnaA(155),KL117,OL6,24,USA
SAMN27591390,PASS,77,"5,050,579",200,"65,591.90","527,137",vparahaemolyticus,1155,dnaE(17),gyrB(323),recA(6),dtdS(23),pntA(171),pyrC(29),tnaA(155),KL117,OL6,24,USA
SAMN33426069,PASS,76,"5,054,106",200,"66,501.40","574,307",vparahaemolyticus,1155,dnaE(17),gyrB(323),recA(6),dtdS(23),pntA(171),pyrC(29),tnaA(155),KL117,OL6,24,USA
SAMN27590655,PASS,72,"4,964,630",200,"68,953.20","737,063",vparahaemolyticus,1155,dnaE(17),gyrB(323),recA(6),dtdS(23),pntA(171),pyrC(29),tnaA(155),KL117,OL6,24,USA
SAMN33426065,PASS,65,"5,052,819",211,"77,735.70","574,142",vparahaemolyticus,1155,dnaE(17),gyrB(323),recA(6),dtdS(23),pntA(171),pyrC(29),tnaA(155),KL117,OL6,24,USA
SAMN08902773,PASS,258,"5,896,568",211,"22,854.90","504,778",vparahaemolyticus,1155,dnaE(17),gyrB(323),recA(6),dtdS(23),pntA(171),pyrC(29),tnaA(155),KL117,OL6,24,USA
SAMN09296209,PASS,133,"5,034,670",211,"37,854.70","521,198",vparahaemolyticus,1155,dnaE(17),gyrB(323),recA(6),dtdS(23),pntA(171),pyrC(29),tnaA(155),KL117,OL6,24,USA
SAMN08965156,PASS,129,"5,041,693",209,"39,082.90","314,690",vparahaemolyticus,1155,dnaE(17),gyrB(323),recA(6),dtdS(23),pntA(171),pyrC(29),tnaA(155),KL117,OL6,24,USA
SAMN08965114,PASS,116,"5,122,160",211,"44,156.60","404,117",vparahaemolyticus,1155,dnaE(17),gyrB(323),recA(6),dtdS(23),pntA(171),pyrC(29),tnaA(155),KL117,OL6,24,USA
SAMN03358818,PASS,107,"4,980,855",200,"46,550","526,878",vparahaemolyticus,1155,dnaE(17),gyrB(323),recA(6),dtdS(23),pntA(171),pyrC(29),tnaA(155),KL117,OL6,24,USA:WA
SAMN09242533,PASS,107,"5,051,004",211,"47,205.60","430,284",vparahaemolyticus,1155,dnaE(17),gyrB(323),recA(6),dtdS(23),pntA(171),pyrC(29),tnaA(155),KL117,OL6,24,USA
SAMN08965107,PASS,105,"5,038,752",211,"47,988.10","314,637",vparahaemolyticus,1155,dnaE(17),gyrB(323),recA(6),dtdS(23),pntA(171),pyrC(29),tnaA(155),KL117,OL6,24,USA
SAMN08469550,PASS,99,"4,971,824",209,"50,220.40","458,398",vparahaemolyticus,1155,dnaE(17),gyrB(323),recA(6),dtdS(23),pntA(171),pyrC(29),tnaA(155),KL117,OL6,24,USA
SAMN08965167,PASS,99,"5,043,785",211,"50,947.30","403,776",vparahaemolyticus,1155,dnaE(17),gyrB(323),recA(6),dtdS(23),pntA(171),pyrC(29),tnaA(155),KL117,OL6,24,USA
SAMN09242509,PASS,98,"5,053,118",200,"51,562.40","466,558",vparahaemolyticus,1155,dnaE(17),gyrB(323),recA(6),dtdS(23),pntA(171),pyrC(29),tnaA(155),KL117,OL6,24,USA
SAMN08568263,PASS,96,"5,136,263",211,"53,502.70","458,346",vparahaemolyticus,1155,dnaE(17),gyrB(323),recA(6),dtdS(23),pntA(171),pyrC(29),tnaA(155),KL117,OL6,24,USA
SAMN08965112,PASS,94,"5,048,888",211,"53,711.60","504,771",vparahaemolyticus,1155,dnaE(17),gyrB(323),recA(6),dtdS(23),pntA(171),pyrC(29),tnaA(155),KL117,OL6,24,USA
SAMN08965105,PASS,90,"5,036,182",211,"55,957.60","364,390",vparahaemolyticus,1155,dnaE(17),gyrB(323),recA(6),dtdS(23),pntA(171),pyrC(29),tnaA(155),KL117,OL6,24,USA
SAMN13245804,PASS,81,"5,049,229",200,"62,336.20","923,647",vparahaemolyticus,1155,dnaE(17),gyrB(323),recA(6),dtdS(23),pntA(171),pyrC(29),tnaA(155),KL117,OL6,24,USA
SAMN08361201,PASS,80,"4,966,122",211,"62,076.50","359,707",vparahaemolyticus,1155,dnaE(17),gyrB(323),recA(6),dtdS(23),pntA(171),pyrC(29),tnaA(155),KL117,OL6,24,USA
SAMN09074605,PASS,78,"4,956,198",211,"63,541","459,069",vparahaemolyticus,1155,dnaE(17),gyrB(323),recA(6),dtdS(23),pntA(171),pyrC(29),tnaA(155),KL117,OL6,24,USA
SAMN08361212,PASS,66,"4,959,793",211,"75,148.40","574,014",vparahaemolyticus,1155,dnaE(17),gyrB(323),recA(6),dtdS(23),pntA(171),pyrC(29),tnaA(155),KL117,OL6,24,USA
SAMN07185545,PASS,111,"5,138,938",200,"46,296.70","369,082",vparahaemolyticus,1158,dnaE(17),gyrB(327),recA(13),dtdS(36),pntA(15),pyrC(336),tnaA(20),KL41,OL1,1008,USA
SAMN20458862,PASS,75,"5,132,630",203,"68,435.10","1,786,454",vparahaemolyticus,1184,dnaE(19),gyrB(295),recA(31),dtdS(223),pntA(136),pyrC(11),tnaA(13),KL37,OL4,239,USA:NJ
SAMN08965166,PASS,130,"5,295,116",219,"40,731.70","403,980",vparahaemolyticus,1189,dnaE(47),gyrB(139),recA(53),dtdS(19),pntA(50),pyrC(143),tnaA(86),KL34,OL4,31,USA
SAMN25285885,PASS,67,"5,063,487",224,"75,574.40","898,752",vparahaemolyticus,1199,dnaE(19),gyrB(147),recA(305),dtdS(3),pntA(211),pyrC(279),tnaA(23),KLUT3,OL4,280,USA:NJ
SAMN32316477,PASS,68,"5,366,373",204,"78,917.30","978,632",vparahaemolyticus,1203,dnaE(12),gyrB(219),recA(3),dtdS(19),pntA(65),pyrC(45),tnaA(61),KL107,OL11,169,USA
SAMN32316478,PASS,65,"5,366,052",204,"82,554.60","979,052",vparahaemolyticus,1203,dnaE(12),gyrB(219),recA(3),dtdS(19),pntA(65),pyrC(45),tnaA(61),KL107,OL11,169,USA
SAMN32316479,PASS,61,"5,366,715",204,"87,978.90","1,692,868",vparahaemolyticus,1203,dnaE(12),gyrB(219),recA(3),dtdS(19),pntA(65),pyrC(45),tnaA(61),KL107,OL11,169,USA
SAMN09242548,PASS,89,"5,207,318",204,"58,509.20","828,420",vparahaemolyticus,1203,dnaE(12),gyrB(219),recA(3),dtdS(19),pntA(65),pyrC(45),tnaA(61),KL107,OL11,169,USA
SAMN09242549,PASS,68,"5,211,257",204,"76,636.10","1,192,052",vparahaemolyticus,1203,dnaE(12),gyrB(219),recA(3),dtdS(19),pntA(65),pyrC(45),tnaA(61),KL107,OL11,169,USA
SAMN27646128,PASS,75,"5,428,500",204,"72,380","1,334,061",vparahaemolyticus,1204,dnaE(264),gyrB(364),recA(67),dtdS(330),pntA(184),pyrC(14),tnaA(1),KL110,OL3_or_OL13,39,USA
SAMN27590660,PASS,74,"5,435,496",204,"73,452.60","1,328,099",vparahaemolyticus,1204,dnaE(264),gyrB(364),recA(67),dtdS(330),pntA(184),pyrC(14),tnaA(1),KL110,OL3_or_OL13,39,USA
SAMN27590648,PASS,73,"5,327,762",200,"72,983","1,316,211",vparahaemolyticus,1204,dnaE(264),gyrB(364),recA(67),dtdS(330),pntA(184),pyrC(14),tnaA(1),KL110,OL3_or_OL13,39,USA
SAMN27646133,PASS,73,"5,339,641",204,"73,145.80","1,088,401",vparahaemolyticus,1204,dnaE(264),gyrB(364),recA(67),dtdS(330),pntA(184),pyrC(14),tnaA(1),KL110,OL3_or_OL13,39,USA
SAMN27590334,PASS,72,"5,352,939",209,"74,346.40","1,328,099",vparahaemolyticus,1204,dnaE(264),gyrB(364),recA(67),dtdS(330),pntA(184),pyrC(14),tnaA(1),KL110,OL3_or_OL13,39,USA
SAMN27591403,PASS,71,"5,338,643",206,"75,192.20","1,328,099",vparahaemolyticus,1204,dnaE(264),gyrB(364),recA(67),dtdS(330),pntA(184),pyrC(14),tnaA(1),KL110,OL3_or_OL13,39,USA
SAMN27591387,PASS,67,"5,415,996",206,"80,835.80","1,336,103",vparahaemolyticus,1204,dnaE(264),gyrB(364),recA(67),dtdS(330),pntA(184),pyrC(14),tnaA(1),KL110,OL3_or_OL13,39,USA
SAMN27591393,PASS,67,"5,421,817",209,"80,922.60","1,925,574",vparahaemolyticus,1204,dnaE(264),gyrB(364),recA(67),dtdS(330),pntA(184),pyrC(14),tnaA(1),KL110,OL3_or_OL13,39,USA
SAMN27590651,PASS,65,"5,209,877",200,"80,152","1,867,347",vparahaemolyticus,1204,dnaE(264),gyrB(364),recA(67),dtdS(330),pntA(184),pyrC(14),tnaA(1),KL110,OL3_or_OL13,39,USA
SAMN33214612,PASS,63,"5,336,438",200,"84,705.40","1,937,390",vparahaemolyticus,1204,dnaE(264),gyrB(364),recA(67),dtdS(330),pntA(184),pyrC(14),tnaA(1),KL110,OL3_or_OL13,39,USA
SAMN27590652,PASS,61,"5,338,002",204,"87,508.20","1,328,099",vparahaemolyticus,1204,dnaE(264),gyrB(364),recA(67),dtdS(330),pntA(184),pyrC(14),tnaA(1),KL110,OL3_or_OL13,39,USA
SAMN32316475,PASS,61,"5,368,910",206,"88,014.90","1,949,556",vparahaemolyticus,1204,dnaE(264),gyrB(364),recA(67),dtdS(330),pntA(184),pyrC(14),tnaA(1),KL110,OL3_or_OL13,39,USA
SAMN33843935,PASS,57,"5,345,760",209,"93,785.30","1,046,378",vparahaemolyticus,1204,dnaE(264),gyrB(364),recA(67),dtdS(330),pntA(184),pyrC(14),tnaA(1),KL110,OL3_or_OL13,39,USA
SAMN33426078,PASS,54,"5,339,249",204,"98,875","1,336,103",vparahaemolyticus,1204,dnaE(264),gyrB(364),recA(67),dtdS(330),pntA(184),pyrC(14),tnaA(1),KL110,OL3_or_OL13,39,USA
SAMN33426070,PASS,45,"5,337,794",206,"118,617.60","1,937,488",vparahaemolyticus,1204,dnaE(264),gyrB(364),recA(67),dtdS(330),pntA(184),pyrC(14),tnaA(1),KL110,OL3_or_OL13,39,USA
SAMN27590639,PASS,80,"5,154,213",211,"64,427.70","740,200",vparahaemolyticus,1205,dnaE(93),gyrB(425),recA(25),dtdS(19),pntA(24),pyrC(93),tnaA(236),KL129,OL3_or_OL13,61,USA
SAMN33214615,PASS,79,"5,155,079",204,"65,254.20","1,203,667",vparahaemolyticus,1205,dnaE(93),gyrB(425),recA(25),dtdS(19),pntA(24),pyrC(93),tnaA(236),KL129,OL3_or_OL13,61,USA
SAMN09296174,PASS,107,"5,102,273",207,"47,684.80","428,771",vparahaemolyticus,1205,dnaE(93),gyrB(425),recA(25),dtdS(19),pntA(24),pyrC(93),tnaA(236),KL129,OL3_or_OL13,61,USA
SAMN09295740,PASS,102,"5,100,219",207,"50,002.10","317,598",vparahaemolyticus,1205,dnaE(93),gyrB(425),recA(25),dtdS(19),pntA(24),pyrC(93),tnaA(236),KL129,OL3_or_OL13,61,USA
SAMN09295739,PASS,93,"5,102,482",207,"54,865.40","397,799",vparahaemolyticus,1205,dnaE(93),gyrB(425),recA(25),dtdS(19),pntA(24),pyrC(93),tnaA(236),KL129,OL3_or_OL13,61,USA
SAMN08965131,PASS,89,"5,099,250",215,"57,294.90","408,277",vparahaemolyticus,1205,dnaE(93),gyrB(425),recA(25),dtdS(19),pntA(24),pyrC(93),tnaA(236),KL129,OL3_or_OL13,61,USA
SAMN09242528,PASS,82,"5,111,329",207,"62,333.30","630,786",vparahaemolyticus,1205,dnaE(93),gyrB(425),recA(25),dtdS(19),pntA(24),pyrC(93),tnaA(236),KL129,OL3_or_OL13,61,USA
SAMN13245770,PASS,69,"5,112,809",212,"74,098.70","750,200",vparahaemolyticus,1205,dnaE(93),gyrB(425),recA(25),dtdS(19),pntA(24),pyrC(93),tnaA(236),KL129,OL3_or_OL13,61,USA
SAMN13245780,PASS,64,"5,145,965",215,"80,405.70","741,386",vparahaemolyticus,1205,dnaE(93),gyrB(425),recA(25),dtdS(19),pntA(24),pyrC(93),tnaA(236),KL129,OL3_or_OL13,61,USA
SAMN13245814,PASS,61,"5,112,634",212,"83,813.70","1,202,620",vparahaemolyticus,1205,dnaE(93),gyrB(425),recA(25),dtdS(19),pntA(24),pyrC(93),tnaA(236),KL129,OL3_or_OL13,61,USA
SAMN31466639,PASS,58,"5,143,910",209,"88,688.10","1,216,501",vparahaemolyticus,1205,dnaE(93),gyrB(425),recA(25),dtdS(19),pntA(24),pyrC(93),tnaA(236),KL129,OL3_or_OL13,61,USA:NJ
SAMN09295487,PASS,114,"5,161,021",214,"45,272.10","396,358",vparahaemolyticus,1213,dnaE(301),gyrB(426),recA(65),dtdS(252),pntA(212),pyrC(71),tnaA(54),KL4,OL4,977,USA
SAMN28495056,PASS,65,"5,153,426",203,"79,283.50","1,075,213",vparahaemolyticus,1272,dnaE(132),gyrB(136),recA(311),dtdS(19),pntA(46),pyrC(260),tnaA(157),KL34,OL4,386,Canada: New Brunswick
SAMN27646130,PASS,123,"5,278,652",204,"42,915.90","1,440,122",vparahaemolyticus,1291,dnaE(240),gyrB(424),recA(240),dtdS(382),pntA(222),pyrC(262),tnaA(240),KL36,OL1,79,USA
SAMN33426075,PASS,95,"5,276,887",204,"55,546.20","1,897,056",vparahaemolyticus,1291,dnaE(240),gyrB(424),recA(240),dtdS(382),pntA(222),pyrC(262),tnaA(240),KL36,OL1,79,USA
SAMN33843931,PASS,92,"5,276,048",204,"57,348.30","1,437,864",vparahaemolyticus,1291,dnaE(240),gyrB(424),recA(240),dtdS(382),pntA(222),pyrC(262),tnaA(240),KL36,OL1,79,USA
SAMN08469549,PASS,112,"5,349,881",204,"47,766.80","1,894,559",vparahaemolyticus,1291,dnaE(240),gyrB(424),recA(240),dtdS(382),pntA(222),pyrC(262),tnaA(240),KL36,OL1,79,USA
SAMN08965127,PASS,111,"5,225,931",230,"47,080.50","402,199",vparahaemolyticus,1291,dnaE(240),gyrB(424),recA(240),dtdS(382),pntA(222),pyrC(262),tnaA(240),KL36,OL1,79,USA
SAMN08469475,PASS,111,"5,349,452",204,"48,193.30","1,196,887",vparahaemolyticus,1291,dnaE(240),gyrB(424),recA(240),dtdS(382),pntA(222),pyrC(262),tnaA(240),KL36,OL1,79,USA
SAMN08965100,PASS,99,"5,344,648",216,"53,986.30","596,204",vparahaemolyticus,1291,dnaE(240),gyrB(424),recA(240),dtdS(382),pntA(222),pyrC(262),tnaA(240),KL36,OL1,79,USA
SAMN13283523,PASS,58,"5,200,759",204,"89,668.30","927,537",vparahaemolyticus,1291,dnaE(240),gyrB(424),recA(240),dtdS(382),pntA(222),pyrC(262),tnaA(240),KL36,OL1,79,USA
SAMN18742559,PASS,55,"5,110,680",213,"92,921.50","1,779,342",vparahaemolyticus,1334,dnaE(6),gyrB(252),recA(39),dtdS(267),pntA(155),pyrC(243),tnaA(24),KL52,OL12,408,USA:NJ
SAMN26659673,PASS,84,"5,303,991",200,"63,142.80","1,223,771",vparahaemolyticus,1346,dnaE(42),gyrB(248),recA(19),dtdS(76),pntA(127),pyrC(46),tnaA(69),KL125,OL10,125,USA:NJ
SAMN26523585,PASS,77,"5,052,576",206,"65,617.90","947,324",vparahaemolyticus,1353,dnaE(190),gyrB(15),recA(31),dtdS(55),pntA(18),pyrC(58),tnaA(23),KL30,OL5,122,USA:NJ
SAMN31466558,PASS,70,"5,041,088",200,"72,015.50","1,303,475",vparahaemolyticus,1391,dnaE(36),gyrB(106),recA(194),dtdS(13),pntA(205),pyrC(285),tnaA(24),KL17,OL14,506,USA:NJ
SAMN08965111,PASS,126,"5,101,246",218,"40,486.10","326,996",vparahaemolyticus,1520,dnaE(4),gyrB(13),recA(317),dtdS(38),pntA(18),pyrC(9),tnaA(23),KL129,OL3_or_OL13,21,USA
SAMN13808683,PASS,126,"5,108,341",218,"40,542.40","374,912",vparahaemolyticus,1520,dnaE(4),gyrB(13),recA(317),dtdS(38),pntA(18),pyrC(9),tnaA(23),KL129,OL3_or_OL13,21,USA
SAMN09295479,PASS,104,"5,105,630",206,"49,092.60","593,443",vparahaemolyticus,1520,dnaE(4),gyrB(13),recA(317),dtdS(38),pntA(18),pyrC(9),tnaA(23),KL129,OL3_or_OL13,21,USA
SAMN08965139,PASS,88,"5,106,670",213,"58,030.30","626,945",vparahaemolyticus,1520,dnaE(4),gyrB(13),recA(317),dtdS(38),pntA(18),pyrC(9),tnaA(23),KL129,OL3_or_OL13,21,USA
SAMN27590328,PASS,88,"5,286,808",205,"60,077.40","768,202",vparahaemolyticus,1521,dnaE(242),gyrB(16),recA(332),dtdS(13),pntA(4),pyrC(369),tnaA(26),KL57,OL3_or_OL13,12,USA
SAMN33426071,PASS,88,"5,300,876",205,"60,237.20","695,796",vparahaemolyticus,1521,dnaE(242),gyrB(16),recA(332),dtdS(13),pntA(4),pyrC(369),tnaA(26),KL57,OL3_or_OL13,12,USA
SAMN27590317,PASS,87,"5,297,283",205,"60,888.30","926,886",vparahaemolyticus,1521,dnaE(242),gyrB(16),recA(332),dtdS(13),pntA(4),pyrC(369),tnaA(26),KL57,OL3_or_OL13,12,USA
SAMN27590339,PASS,85,"5,289,731",205,"62,232.10","768,557",vparahaemolyticus,1521,dnaE(242),gyrB(16),recA(332),dtdS(13),pntA(4),pyrC(369),tnaA(26),KL57,OL3_or_OL13,12,USA
SAMN27590662,PASS,84,"5,282,062",205,"62,881.70","768,382",vparahaemolyticus,1521,dnaE(242),gyrB(16),recA(332),dtdS(13),pntA(4),pyrC(369),tnaA(26),KL57,OL3_or_OL13,12,USA
SAMN33843937,PASS,83,"5,282,261",205,"63,641.70","968,258",vparahaemolyticus,1521,dnaE(242),gyrB(16),recA(332),dtdS(13),pntA(4),pyrC(369),tnaA(26),KL57,OL3_or_OL13,12,USA
SAMN33426074,PASS,82,"5,281,800",205,"64,412.20","968,144",vparahaemolyticus,1521,dnaE(242),gyrB(16),recA(332),dtdS(13),pntA(4),pyrC(369),tnaA(26),KL57,OL3_or_OL13,12,USA
SAMN33214617,PASS,78,"5,323,739",205,"68,253.10","1,010,584",vparahaemolyticus,1521,dnaE(242),gyrB(16),recA(332),dtdS(13),pntA(4),pyrC(369),tnaA(26),KL57,OL3_or_OL13,12,USA
SAMN27590656,PASS,76,"5,281,647",205,"69,495.40","968,223",vparahaemolyticus,1521,dnaE(242),gyrB(16),recA(332),dtdS(13),pntA(4),pyrC(369),tnaA(26),KL57,OL3_or_OL13,12,USA
SAMN27590649,PASS,75,"5,337,436",202,"71,165.80","1,010,691",vparahaemolyticus,1521,dnaE(242),gyrB(16),recA(332),dtdS(13),pntA(4),pyrC(369),tnaA(26),KL57,OL3_or_OL13,12,USA
SAMN33426067,PASS,75,"5,383,396",200,"71,778.60","1,077,438",vparahaemolyticus,1521,dnaE(242),gyrB(16),recA(332),dtdS(13),pntA(4),pyrC(369),tnaA(26),KL57,OL3_or_OL13,12,USA
SAMN27590650,PASS,74,"5,275,543",202,"71,291.10","994,853",vparahaemolyticus,1521,dnaE(242),gyrB(16),recA(332),dtdS(13),pntA(4),pyrC(369),tnaA(26),KL57,OL3_or_OL13,12,USA
SAMN27591398,PASS,69,"5,276,086",205,"76,465","993,784",vparahaemolyticus,1521,dnaE(242),gyrB(16),recA(332),dtdS(13),pntA(4),pyrC(369),tnaA(26),KL57,OL3_or_OL13,12,USA
SAMN27591386,PASS,69,"5,278,293",205,"76,497","768,123",vparahaemolyticus,1521,dnaE(242),gyrB(16),recA(332),dtdS(13),pntA(4),pyrC(369),tnaA(26),KL57,OL3_or_OL13,12,USA
SAMN27591406,PASS,69,"5,320,696",205,"77,111.50","1,078,758",vparahaemolyticus,1521,dnaE(242),gyrB(16),recA(332),dtdS(13),pntA(4),pyrC(369),tnaA(26),KL57,OL3_or_OL13,12,USA
SAMN09296199,PASS,200,"5,278,908",205,"26,394.50","195,140",vparahaemolyticus,1521,dnaE(242),gyrB(16),recA(332),dtdS(13),pntA(4),pyrC(369),tnaA(26),KL57,OL3_or_OL13,12,USA
SAMN09074992,PASS,142,"5,263,004",205,"37,063.40","208,786",vparahaemolyticus,1521,dnaE(242),gyrB(16),recA(332),dtdS(13),pntA(4),pyrC(369),tnaA(26),KL57,OL3_or_OL13,12,USA
SAMN09296206,PASS,130,"5,260,834",202,"40,468","325,356",vparahaemolyticus,1521,dnaE(242),gyrB(16),recA(332),dtdS(13),pntA(4),pyrC(369),tnaA(26),KL57,OL3_or_OL13,12,USA
SAMN09074986,PASS,129,"5,255,990",205,"40,744.10","411,891",vparahaemolyticus,1521,dnaE(242),gyrB(16),recA(332),dtdS(13),pntA(4),pyrC(369),tnaA(26),KL57,OL3_or_OL13,12,USA
SAMN09296175,PASS,125,"5,355,819",205,"42,846.60","560,381",vparahaemolyticus,1521,dnaE(242),gyrB(16),recA(332),dtdS(13),pntA(4),pyrC(369),tnaA(26),KL57,OL3_or_OL13,12,USA
SAMN09296177,PASS,109,"5,305,005",209,"48,669.80","431,763",vparahaemolyticus,1521,dnaE(242),gyrB(16),recA(332),dtdS(13),pntA(4),pyrC(369),tnaA(26),KL57,OL3_or_OL13,12,USA
SAMN08902776,PASS,104,"5,262,514",202,"50,601.10","647,678",vparahaemolyticus,1521,dnaE(242),gyrB(16),recA(332),dtdS(13),pntA(4),pyrC(369),tnaA(26),KL57,OL3_or_OL13,12,USA
SAMN09296172,PASS,103,"5,269,613",203,"51,161.30","400,197",vparahaemolyticus,1521,dnaE(242),gyrB(16),recA(332),dtdS(13),pntA(4),pyrC(369),tnaA(26),KL57,OL3_or_OL13,12,USA
SAMN09295478,PASS,100,"5,272,205",205,"52,722.10","549,196",vparahaemolyticus,1521,dnaE(242),gyrB(16),recA(332),dtdS(13),pntA(4),pyrC(369),tnaA(26),KL57,OL3_or_OL13,12,USA
SAMN08469474,PASS,95,"5,306,765",205,"55,860.70","792,681",vparahaemolyticus,1521,dnaE(242),gyrB(16),recA(332),dtdS(13),pntA(4),pyrC(369),tnaA(26),KL57,OL3_or_OL13,12,USA
SAMN13808687,PASS,94,"5,279,922",202,"56,169.40","968,095",vparahaemolyticus,1521,dnaE(242),gyrB(16),recA(332),dtdS(13),pntA(4),pyrC(369),tnaA(26),KL57,OL3_or_OL13,12,USA
SAMN08902766,PASS,93,"5,268,175",205,"56,647","543,919",vparahaemolyticus,1521,dnaE(242),gyrB(16),recA(332),dtdS(13),pntA(4),pyrC(369),tnaA(26),KL57,OL3_or_OL13,12,USA
SAMN09296179,PASS,93,"5,268,891",205,"56,654.70","560,623",vparahaemolyticus,1521,dnaE(242),gyrB(16),recA(332),dtdS(13),pntA(4),pyrC(369),tnaA(26),KL57,OL3_or_OL13,12,USA
SAMN08965128,PASS,88,"5,274,670",200,"59,939.40","492,479",vparahaemolyticus,1521,dnaE(242),gyrB(16),recA(332),dtdS(13),pntA(4),pyrC(369),tnaA(26),KL57,OL3_or_OL13,12,USA
SAMN13283485,PASS,88,"5,281,985",205,"60,022.60","696,063",vparahaemolyticus,1521,dnaE(242),gyrB(16),recA(332),dtdS(13),pntA(4),pyrC(369),tnaA(26),KL57,OL3_or_OL13,12,USA
SAMN09295484,PASS,86,"5,268,387",205,"61,260.30","400,159",vparahaemolyticus,1521,dnaE(242),gyrB(16),recA(332),dtdS(13),pntA(4),pyrC(369),tnaA(26),KL57,OL3_or_OL13,12,USA
SAMN08902729,PASS,85,"5,277,720",205,"62,090.80","647,720",vparahaemolyticus,1521,dnaE(242),gyrB(16),recA(332),dtdS(13),pntA(4),pyrC(369),tnaA(26),KL57,OL3_or_OL13,12,USA
SAMN09242502,PASS,85,"5,318,664",205,"62,572.50","647,021",vparahaemolyticus,1521,dnaE(242),gyrB(16),recA(332),dtdS(13),pntA(4),pyrC(369),tnaA(26),KL57,OL3_or_OL13,12,USA
SAMN09242547,PASS,84,"5,298,265",205,"63,074.60","867,339",vparahaemolyticus,1521,dnaE(242),gyrB(16),recA(332),dtdS(13),pntA(4),pyrC(369),tnaA(26),KL57,OL3_or_OL13,12,USA
SAMN09295480,PASS,82,"5,275,953",205,"64,340.90","735,850",vparahaemolyticus,1521,dnaE(242),gyrB(16),recA(332),dtdS(13),pntA(4),pyrC(369),tnaA(26),KL57,OL3_or_OL13,12,USA
SAMN13283516,PASS,82,"5,281,714",205,"64,411.10","968,127",vparahaemolyticus,1521,dnaE(242),gyrB(16),recA(332),dtdS(13),pntA(4),pyrC(369),tnaA(26),KL57,OL3_or_OL13,12,USA
SAMN21578983,PASS,80,"5,274,902",202,"65,936.30","968,263",vparahaemolyticus,1521,dnaE(242),gyrB(16),recA(332),dtdS(13),pntA(4),pyrC(369),tnaA(26),KL57,OL3_or_OL13,12,USA:CA
SAMN28093308,PASS,80,"5,274,902",202,"65,936.30","968,263",vparahaemolyticus,1521,dnaE(242),gyrB(16),recA(332),dtdS(13),pntA(4),pyrC(369),tnaA(26),KL57,OL3_or_OL13,12,USA:CA
SAMN13283482,PASS,80,"5,281,672",205,"66,020.90","968,127",vparahaemolyticus,1521,dnaE(242),gyrB(16),recA(332),dtdS(13),pntA(4),pyrC(369),tnaA(26),KL57,OL3_or_OL13,12,USA
SAMN14069582,PASS,79,"5,278,035",202,"66,810.60","968,481",vparahaemolyticus,1521,dnaE(242),gyrB(16),recA(332),dtdS(13),pntA(4),pyrC(369),tnaA(26),KL57,OL3_or_OL13,12,USA
SAMN08902725,PASS,76,"5,271,221",205,"69,358.20","731,668",vparahaemolyticus,1521,dnaE(242),gyrB(16),recA(332),dtdS(13),pntA(4),pyrC(369),tnaA(26),KL57,OL3_or_OL13,12,USA
SAMN09074634,PASS,76,"5,276,186",205,"69,423.50","927,190",vparahaemolyticus,1521,dnaE(242),gyrB(16),recA(332),dtdS(13),pntA(4),pyrC(369),tnaA(26),KL57,OL3_or_OL13,12,USA
SAMN08469556,PASS,76,"5,321,174",201,"70,015.40","729,118",vparahaemolyticus,1521,dnaE(242),gyrB(16),recA(332),dtdS(13),pntA(4),pyrC(369),tnaA(26),KL57,OL3_or_OL13,12,USA
SAMN09074991,PASS,72,"5,278,576",205,"73,313.60","929,994",vparahaemolyticus,1521,dnaE(242),gyrB(16),recA(332),dtdS(13),pntA(4),pyrC(369),tnaA(26),KL57,OL3_or_OL13,12,USA
SAMN13283504,PASS,63,"5,280,016",205,"83,809.80","996,824",vparahaemolyticus,1521,dnaE(242),gyrB(16),recA(332),dtdS(13),pntA(4),pyrC(369),tnaA(26),KL57,OL3_or_OL13,12,USA
SAMN09295489,FAIL,298,"6,143,579",205,"20,616","279,231",vparahaemolyticus,1521,dnaE(242),gyrB(16),recA(332),dtdS(13),pntA(4),pyrC(369),tnaA(26),KL57,OL3_or_OL13,#N/A,USA
SAMN27646126,PASS,75,"5,211,380",204,"69,485.10","800,321",vparahaemolyticus,1525,dnaE(111),gyrB(5),recA(22),dtdS(34),pntA(20),pyrC(171),tnaA(24),KL117,OL6,115,USA
SAMN33426077,PASS,63,"5,253,351",204,"83,386.50","726,534",vparahaemolyticus,1525,dnaE(111),gyrB(5),recA(22),dtdS(34),pntA(20),pyrC(171),tnaA(24),KL117,OL6,115,USA
SAMN09296173,PASS,148,"5,188,985",204,"35,060.70","315,135",vparahaemolyticus,1525,dnaE(111),gyrB(5),recA(22),dtdS(34),pntA(20),pyrC(171),tnaA(24),KL117,OL6,115,USA
SAMN09242507,PASS,100,"5,193,773",204,"51,937.70","403,258",vparahaemolyticus,1525,dnaE(111),gyrB(5),recA(22),dtdS(34),pntA(20),pyrC(171),tnaA(24),KL117,OL6,115,USA
SAMN21578974,PASS,72,"5,208,761",202,"72,343.90","800,460",vparahaemolyticus,1525,dnaE(111),gyrB(5),recA(22),dtdS(34),pntA(20),pyrC(171),tnaA(24),KL117,OL6,115,USA:CA
SAMN28093304,PASS,72,"5,208,761",202,"72,343.90","800,460",vparahaemolyticus,1525,dnaE(111),gyrB(5),recA(22),dtdS(34),pntA(20),pyrC(171),tnaA(24),KL117,OL6,115,USA:CA
SAMN27590330,PASS,68,"5,132,267",208,"75,474.50","1,667,850",vparahaemolyticus,1526,dnaE(7),gyrB(230),recA(99),dtdS(378),pntA(6),pyrC(370),tnaA(1),KLUT8,OL4,116,USA
SAMN09295488,PASS,101,"5,082,235",208,"50,319.20","572,058",vparahaemolyticus,1526,dnaE(7),gyrB(230),recA(99),dtdS(378),pntA(6),pyrC(370),tnaA(1),KLUT8,OL4,116,USA
SAMN09295486,PASS,96,"5,075,500",208,"52,869.80","714,613",vparahaemolyticus,1526,dnaE(7),gyrB(230),recA(99),dtdS(378),pntA(6),pyrC(370),tnaA(1),KLUT8,OL4,116,USA
SAMN09242514,PASS,76,"5,095,835",208,"67,050.50","734,014",vparahaemolyticus,1526,dnaE(7),gyrB(230),recA(99),dtdS(378),pntA(6),pyrC(370),tnaA(1),KLUT8,OL4,116,USA
SAMN08469470,PASS,61,"5,098,577",208,"83,583.20","658,955",vparahaemolyticus,1526,dnaE(7),gyrB(230),recA(99),dtdS(378),pntA(6),pyrC(370),tnaA(1),KLUT8,OL4,116,USA
SAMN09295476,PASS,58,"5,097,203",208,"87,882.80","639,124",vparahaemolyticus,1526,dnaE(7),gyrB(230),recA(99),dtdS(378),pntA(6),pyrC(370),tnaA(1),KLUT8,OL4,116,USA
SAMN09242516,PASS,58,"5,099,627",208,"87,924.60","816,160",vparahaemolyticus,1526,dnaE(7),gyrB(230),recA(99),dtdS(378),pntA(6),pyrC(370),tnaA(1),KLUT8,OL4,116,USA
SAMN27591410,PASS,76,"5,252,420",213,"69,110.80","1,071,729",vparahaemolyticus,1527,dnaE(47),gyrB(359),recA(31),dtdS(19),pntA(50),pyrC(143),tnaA(26),KL34,OL4,31,USA
SAMN18528254,PASS,66,"5,030,232",206,"76,215.60","841,143",vparahaemolyticus,1556,dnaE(26),gyrB(460),recA(13),dtdS(398),pntA(95),pyrC(287),tnaA(2),KL138,OL5,141,USA:NJ
SAMN26659665,PASS,61,"5,030,152",206,"82,461.50","853,035",vparahaemolyticus,1556,dnaE(26),gyrB(460),recA(13),dtdS(398),pntA(95),pyrC(287),tnaA(2),KL138,OL5,141,USA:NJ
SAMN26980445,PASS,60,"5,030,187",206,"83,836.50","860,983",vparahaemolyticus,1556,dnaE(26),gyrB(460),recA(13),dtdS(398),pntA(95),pyrC(287),tnaA(2),KL138,OL5,141,USA:NJ
SAMN27591399,PASS,128,"5,515,913",203,"43,093.10","745,914",vparahaemolyticus,1568,dnaE(2),gyrB(260),recA(336),dtdS(76),pntA(28),pyrC(37),tnaA(57),KL34,OL4,140,USA
SAMN09242519,PASS,113,"5,372,486",201,"47,544.10","742,510",vparahaemolyticus,1568,dnaE(2),gyrB(260),recA(336),dtdS(76),pntA(28),pyrC(37),tnaA(57),KL34,OL4,140,USA
SAMN09296202,PASS,102,"5,404,120",201,"52,981.60","742,482",vparahaemolyticus,1568,dnaE(2),gyrB(260),recA(336),dtdS(76),pntA(28),pyrC(37),tnaA(57),KL34,OL4,140,USA
SAMN25656907,PASS,79,"5,043,908",202,"63,846.90","1,787,015",vparahaemolyticus,1575,dnaE(291),gyrB(151),recA(300),dtdS(167),pntA(21),pyrC(11),tnaA(239),KL41,OL8,472,USA:NJ
SAMN26659671,PASS,105,"5,312,390",209,"50,594.20","757,122",vparahaemolyticus,1576,dnaE(17),gyrB(16),recA(13),dtdS(401),pntA(24),pyrC(16),tnaA(20),KL48,OL3_or_OL13,16,USA:NJ
SAMN25524173,PASS,85,"5,242,808",208,"61,680.10","854,190",vparahaemolyticus,1576,dnaE(17),gyrB(16),recA(13),dtdS(401),pntA(24),pyrC(16),tnaA(20),KL105,OL3_or_OL13,16,USA:NJ
SAMN20976153,PASS,143,"5,176,442",203,"36,198.90","738,312",vparahaemolyticus,1663,dnaE(1),gyrB(472),recA(344),dtdS(27),pntA(26),pyrC(379),tnaA(225),KL37,OL4-1,97,USA:NJ
SAMN08473219,PASS,139,"5,137,512",204,"36,960.50","572,748",vparahaemolyticus,1663,dnaE(1),gyrB(472),recA(344),dtdS(27),pntA(26),pyrC(379),tnaA(225),KL37,OL4-1,97,USA
SAMN08473249,PASS,131,"5,137,163",204,"39,215","630,550",vparahaemolyticus,1663,dnaE(1),gyrB(472),recA(344),dtdS(27),pntA(26),pyrC(379),tnaA(225),KL37,OL4-1,97,USA
SAMN25134889,PASS,109,"5,138,557",204,"47,142.70","756,192",vparahaemolyticus,1663,dnaE(1),gyrB(472),recA(344),dtdS(27),pntA(26),pyrC(379),tnaA(225),KL37,OL4-1,97,USA:NJ
SAMN25656899,PASS,109,"5,155,440",204,"47,297.60","936,770",vparahaemolyticus,1663,dnaE(1),gyrB(472),recA(344),dtdS(27),pntA(26),pyrC(379),tnaA(225),KL37,OL4-1,97,USA:NJ
SAMN18762037,PASS,100,"5,073,190",203,"50,731.90","907,469",vparahaemolyticus,1663,dnaE(1),gyrB(472),recA(344),dtdS(27),pntA(26),pyrC(379),tnaA(225),KL37,OL4-1,97,USA:NJ
SAMN28207902,PASS,96,"5,121,293",204,"53,346.80","954,856",vparahaemolyticus,1663,dnaE(1),gyrB(472),recA(344),dtdS(27),pntA(26),pyrC(379),tnaA(225),KL37,OL4-1,97,USA:NJ
SAMN18510895,PASS,92,"5,091,916",204,"55,346.90","914,627",vparahaemolyticus,1663,dnaE(1),gyrB(472),recA(344),dtdS(27),pntA(26),pyrC(379),tnaA(225),KL37,OL4-1,97,USA:NJ
SAMN18434350,PASS,76,"5,175,464",215,"68,098.20","749,454",vparahaemolyticus,1691,dnaE(70),gyrB(175),recA(25),dtdS(82),pntA(49),pyrC(74),tnaA(62),KL34,OL4,111,China:Dalian
SAMN27646135,PASS,66,"5,179,114",200,"78,471.40","830,169",vparahaemolyticus,1716,dnaE(94),gyrB(114),recA(31),dtdS(105),pntA(3),pyrC(166),tnaA(69),KL131,OL1,11,USA
SAMN12784271,PASS,169,"5,084,909",200,"30,088.20","388,756",vparahaemolyticus,1716,dnaE(94),gyrB(114),recA(31),dtdS(105),pntA(3),pyrC(166),tnaA(69),KL131,OL1,11,USA
SAMN12784269,PASS,140,"5,125,389",200,"36,609.90","388,177",vparahaemolyticus,1716,dnaE(94),gyrB(114),recA(31),dtdS(105),pntA(3),pyrC(166),tnaA(69),KL131,OL1,11,USA
SAMN08965108,PASS,140,"5,134,863",203,"36,677.60","305,822",vparahaemolyticus,1716,dnaE(94),gyrB(114),recA(31),dtdS(105),pntA(3),pyrC(166),tnaA(69),KL131,OL1,11,USA
SAMN13283512,PASS,127,"5,150,001",203,"40,551.20","322,975",vparahaemolyticus,1716,dnaE(94),gyrB(114),recA(31),dtdS(105),pntA(3),pyrC(166),tnaA(69),KL131,OL1,11,USA
SAMN13283527,PASS,127,"5,151,242",200,"40,561","306,031",vparahaemolyticus,1716,dnaE(94),gyrB(114),recA(31),dtdS(105),pntA(3),pyrC(166),tnaA(69),KL131,OL1,11,USA
SAMN13808711,PASS,123,"5,165,391",200,"41,995","327,945",vparahaemolyticus,1716,dnaE(94),gyrB(114),recA(31),dtdS(105),pntA(3),pyrC(166),tnaA(69),KL131,OL1,11,USA
SAMN13808827,PASS,121,"5,167,225",200,"42,704.30","395,200",vparahaemolyticus,1716,dnaE(94),gyrB(114),recA(31),dtdS(105),pntA(3),pyrC(166),tnaA(69),KL131,OL1,11,USA
SAMN13283491,PASS,119,"5,155,563",200,"43,324.10","304,946",vparahaemolyticus,1716,dnaE(94),gyrB(114),recA(31),dtdS(105),pntA(3),pyrC(166),tnaA(69),KL131,OL1,11,USA
SAMN13283544,PASS,117,"5,155,573",200,"44,064.70","326,548",vparahaemolyticus,1716,dnaE(94),gyrB(114),recA(31),dtdS(105),pntA(3),pyrC(166),tnaA(69),KL131,OL1,11,USA
SAMN13283519,PASS,114,"5,152,995",200,"45,201.70","490,573",vparahaemolyticus,1716,dnaE(94),gyrB(114),recA(31),dtdS(105),pntA(3),pyrC(166),tnaA(69),KL131,OL1,11,USA
SAMN13283514,PASS,113,"5,154,935",203,"45,618.90","312,428",vparahaemolyticus,1716,dnaE(94),gyrB(114),recA(31),dtdS(105),pntA(3),pyrC(166),tnaA(69),KL131,OL1,11,USA
SAMN13283501,PASS,111,"5,158,586",200,"46,473.70","385,637",vparahaemolyticus,1716,dnaE(94),gyrB(114),recA(31),dtdS(105),pntA(3),pyrC(166),tnaA(69),KL131,OL1,11,USA
SAMN08965182,PASS,102,"5,144,765",200,"50,438.90","306,483",vparahaemolyticus,1716,dnaE(94),gyrB(114),recA(31),dtdS(105),pntA(3),pyrC(166),tnaA(69),KL131,OL1,11,USA
SAMN08965133,PASS,98,"5,251,779",200,"53,589.60","340,643",vparahaemolyticus,1716,dnaE(94),gyrB(114),recA(31),dtdS(105),pntA(3),pyrC(166),tnaA(69),KL131,OL1,11,USA
SAMN13809857,PASS,94,"5,152,214",200,"54,810.80","600,602",vparahaemolyticus,1716,dnaE(94),gyrB(114),recA(31),dtdS(105),pntA(3),pyrC(166),tnaA(69),KL131,OL1,11,USA
SAMN08965144,PASS,92,"5,162,633",200,"56,115.60","366,627",vparahaemolyticus,1716,dnaE(94),gyrB(114),recA(31),dtdS(105),pntA(3),pyrC(166),tnaA(69),KL131,OL1,11,USA
SAMN09074633,PASS,89,"5,152,357",200,"57,891.70","608,637",vparahaemolyticus,1716,dnaE(94),gyrB(114),recA(31),dtdS(105),pntA(3),pyrC(166),tnaA(69),KL131,OL1,11,USA
SAMN13808689,PASS,89,"5,160,744",200,"57,985.90","828,372",vparahaemolyticus,1716,dnaE(94),gyrB(114),recA(31),dtdS(105),pntA(3),pyrC(166),tnaA(69),KL131,OL1,11,USA
SAMN13808830,PASS,87,"5,160,461",200,"59,315.60","632,359",vparahaemolyticus,1716,dnaE(94),gyrB(114),recA(31),dtdS(105),pntA(3),pyrC(166),tnaA(69),KL131,OL1,11,USA
SAMN08965179,PASS,87,"5,164,703",200,"59,364.40","367,375",vparahaemolyticus,1716,dnaE(94),gyrB(114),recA(31),dtdS(105),pntA(3),pyrC(166),tnaA(69),KL131,OL1,11,USA
SAMN08965169,PASS,86,"5,140,383",200,"59,771.90","428,380",vparahaemolyticus,1716,dnaE(94),gyrB(114),recA(31),dtdS(105),pntA(3),pyrC(166),tnaA(69),KL131,OL1,11,USA
SAMN14069555,PASS,86,"5,168,560",200,"60,099.50","399,807",vparahaemolyticus,1716,dnaE(94),gyrB(114),recA(31),dtdS(105),pntA(3),pyrC(166),tnaA(69),KL131,OL1,11,USA
SAMN13207724,PASS,83,"5,156,803",200,"62,130.20","658,912",vparahaemolyticus,1716,dnaE(94),gyrB(114),recA(31),dtdS(105),pntA(3),pyrC(166),tnaA(69),KL131,OL1,11,USA
SAMN13808835,PASS,74,"5,160,524",203,"69,736.80","643,475",vparahaemolyticus,1716,dnaE(94),gyrB(114),recA(31),dtdS(105),pntA(3),pyrC(166),tnaA(69),KL131,OL1,11,USA
SAMN08902705,PASS,74,"5,165,966",200,"69,810.40","600,601",vparahaemolyticus,1716,dnaE(94),gyrB(114),recA(31),dtdS(105),pntA(3),pyrC(166),tnaA(69),KL131,OL1,11,USA
SAMN08902704,PASS,71,"5,165,298",200,"72,750.70","726,013",vparahaemolyticus,1716,dnaE(94),gyrB(114),recA(31),dtdS(105),pntA(3),pyrC(166),tnaA(69),KL131,OL1,11,USA
SAMN13809956,PASS,70,"5,167,241",205,"73,817.70","1,767,741",vparahaemolyticus,1716,dnaE(94),gyrB(114),recA(31),dtdS(105),pntA(3),pyrC(166),tnaA(69),KL131,OL1,11,USA
SAMN13283524,PASS,69,"5,167,838",203,"74,896.20","1,767,791",vparahaemolyticus,1716,dnaE(94),gyrB(114),recA(31),dtdS(105),pntA(3),pyrC(166),tnaA(69),KL131,OL1,11,USA
SAMN08902697,PASS,67,"5,160,123",200,"77,016.80","642,565",vparahaemolyticus,1716,dnaE(94),gyrB(114),recA(31),dtdS(105),pntA(3),pyrC(166),tnaA(69),KL131,OL1,11,USA
SAMN13809953,PASS,67,"5,165,204",200,"77,092.60","806,757",vparahaemolyticus,1716,dnaE(94),gyrB(114),recA(31),dtdS(105),pntA(3),pyrC(166),tnaA(69),KL131,OL1,11,USA
SAMN08902720,PASS,66,"5,160,394",200,"78,187.80","642,617",vparahaemolyticus,1716,dnaE(94),gyrB(114),recA(31),dtdS(105),pntA(3),pyrC(166),tnaA(69),KL131,OL1,11,USA
SAMN14064564,PASS,66,"5,165,377",203,"78,263.30","1,767,741",vparahaemolyticus,1716,dnaE(94),gyrB(114),recA(31),dtdS(105),pntA(3),pyrC(166),tnaA(69),KL131,OL1,11,USA
SAMN13808681,PASS,65,"5,165,571",205,"79,470.30","1,767,741",vparahaemolyticus,1716,dnaE(94),gyrB(114),recA(31),dtdS(105),pntA(3),pyrC(166),tnaA(69),KL131,OL1,11,USA
SAMN08965125,PASS,64,"5,161,413",200,"80,647.10","726,044",vparahaemolyticus,1716,dnaE(94),gyrB(114),recA(31),dtdS(105),pntA(3),pyrC(166),tnaA(69),KL131,OL1,11,USA
SAMN08965188,PASS,64,"5,161,908",203,"80,654.80","600,579",vparahaemolyticus,1716,dnaE(94),gyrB(114),recA(31),dtdS(105),pntA(3),pyrC(166),tnaA(69),KL131,OL1,11,USA
SAMN08965136,PASS,63,"5,159,029",203,"81,889.30","527,303",vparahaemolyticus,1716,dnaE(94),gyrB(114),recA(31),dtdS(105),pntA(3),pyrC(166),tnaA(69),KL131,OL1,11,USA
SAMN13245784,PASS,62,"5,167,155",200,"83,341.20","1,767,791",vparahaemolyticus,1716,dnaE(94),gyrB(114),recA(31),dtdS(105),pntA(3),pyrC(166),tnaA(69),KL131,OL1,11,USA
SAMN13245778,PASS,61,"5,167,270",203,"84,709.30","1,318,959",vparahaemolyticus,1716,dnaE(94),gyrB(114),recA(31),dtdS(105),pntA(3),pyrC(166),tnaA(69),KL131,OL1,11,USA
SAMN13245781,PASS,59,"5,167,789",203,"87,589.60","1,767,794",vparahaemolyticus,1716,dnaE(94),gyrB(114),recA(31),dtdS(105),pntA(3),pyrC(166),tnaA(69),KL131,OL1,11,USA
SAMN27590333,PASS,87,"5,103,048",218,"58,655.70","730,798",vparahaemolyticus,1727,dnaE(28),gyrB(17),recA(31),dtdS(195),pntA(45),pyrC(23),tnaA(24),KL115,OL3_or_OL13,142,USA
SAMN33426066,PASS,70,"5,148,254",218,"73,546.50","1,208,042",vparahaemolyticus,1727,dnaE(28),gyrB(17),recA(31),dtdS(195),pntA(45),pyrC(23),tnaA(24),KL115,OL3_or_OL13,142,USA
SAMN19796160,PASS,83,"5,199,571",208,"62,645.40","1,737,609",vparahaemolyticus,1728,dnaE(148),gyrB(340),recA(20),dtdS(15),pntA(5),pyrC(2),tnaA(24),KL49,OL4,232,USA:NJ
SAMN19918827,PASS,73,"5,106,210",203,"69,948.10","1,738,148",vparahaemolyticus,1728,dnaE(148),gyrB(340),recA(20),dtdS(15),pntA(5),pyrC(2),tnaA(24),KL49,OL4,232,USA:NJ
SAMN13245796,PASS,247,"5,935,352",202,"24,029.80","765,961",vparahaemolyticus,1729,dnaE(242),gyrB(16),recA(205),dtdS(75),pntA(50),pyrC(140),tnaA(23),KL28,OL11,98,USA
SAMN08965174,PASS,166,"5,944,161",218,"35,808.20","394,520",vparahaemolyticus,1729,dnaE(242),gyrB(16),recA(205),dtdS(75),pntA(50),pyrC(140),tnaA(23),KL28,OL11,98,USA
SAMN08965155,PASS,85,"5,078,361",218,"59,745.40","419,662",vparahaemolyticus,1729,dnaE(242),gyrB(16),recA(205),dtdS(75),pntA(50),pyrC(140),tnaA(23),KL28,OL11,98,USA
SAMN08902733,PASS,83,"5,170,069",204,"62,290","619,019",vparahaemolyticus,1736,dnaE(282),gyrB(117),recA(31),dtdS(139),pntA(61),pyrC(394),tnaA(20),KL7,OL10,221,USA
SAMN09074642,PASS,77,"5,176,681",204,"67,229.60","608,149",vparahaemolyticus,1736,dnaE(282),gyrB(117),recA(31),dtdS(139),pntA(61),pyrC(394),tnaA(20),KL7,OL10,221,USA
SAMN08902716,PASS,70,"5,088,792",204,"72,697","820,720",vparahaemolyticus,1736,dnaE(282),gyrB(117),recA(31),dtdS(139),pntA(61),pyrC(394),tnaA(20),KL7,OL10,221,USA
SAMN25524171,PASS,99,"5,116,610",203,"51,682.90","1,417,726",vparahaemolyticus,1816,dnaE(339),gyrB(461),recA(31),dtdS(13),pntA(50),pyrC(145),tnaA(47),KL156,OL8,121,USA:NJ
SAMN33426072,PASS,52,"5,217,216",200,"100,331.10","1,806,586",vparahaemolyticus,1842,dnaE(69),gyrB(92),recA(69),dtdS(114),pntA(225),pyrC(91),tnaA(24),KL32,OL15,58,USA
SAMN08473242,PASS,91,"5,165,853",218,"56,767.60","658,307",vparahaemolyticus,1848,dnaE(60),gyrB(334),recA(75),dtdS(34),pntA(26),pyrC(259),tnaA(86),KL57,OL3_or_OL13,224,USA
SAMN08473237,PASS,89,"5,166,493",218,"58,050.50","658,551",vparahaemolyticus,1848,dnaE(60),gyrB(334),recA(75),dtdS(34),pntA(26),pyrC(259),tnaA(86),KL57,OL3_or_OL13,224,USA
SAMN08473238,PASS,71,"5,259,695",203,"74,080.20","630,042",vparahaemolyticus,1849,dnaE(368),gyrB(215),recA(253),dtdS(436),pntA(250),pyrC(10),tnaA(65),KL64,OL1-1,36,USA
SAMN08473257,PASS,68,"5,268,713",203,"77,481.10","630,042",vparahaemolyticus,1849,dnaE(368),gyrB(215),recA(253),dtdS(436),pntA(250),pyrC(10),tnaA(65),KL64,OL1-1,36,USA
SAMN08473256,PASS,67,"5,259,367",203,"78,498","630,078",vparahaemolyticus,1849,dnaE(368),gyrB(215),recA(253),dtdS(436),pntA(250),pyrC(10),tnaA(65),KL64,OL1-1,36,USA
SAMN08473272,PASS,63,"5,222,230",203,"82,892.50","630,078",vparahaemolyticus,1849,dnaE(368),gyrB(215),recA(253),dtdS(436),pntA(250),pyrC(10),tnaA(65),KL64,OL1-1,36,USA
SAMN08473231,PASS,60,"5,258,639",203,"87,644","630,066",vparahaemolyticus,1849,dnaE(368),gyrB(215),recA(253),dtdS(436),pntA(250),pyrC(10),tnaA(65),KL64,OL1-1,36,USA
SAMN18510958,PASS,148,"5,125,490",204,"34,631.70","230,654",vparahaemolyticus,1852,dnaE(1),gyrB(460),recA(367),dtdS(438),pntA(26),pyrC(411),tnaA(23),KL37,OL4-1,60,USA:NJ
SAMN26523570,PASS,93,"5,115,152",223,"55,001.60","1,782,822",vparahaemolyticus,1852,dnaE(1),gyrB(460),recA(367),dtdS(438),pntA(26),pyrC(411),tnaA(23),KL37,OL4-1,60,USA:NJ
SAMN25656904,PASS,59,"5,188,508",204,"87,940.80","1,802,933",vparahaemolyticus,1852,dnaE(1),gyrB(460),recA(367),dtdS(438),pntA(26),pyrC(411),tnaA(23),KL37,OL4-1,60,USA:NJ
SAMN18510952,PASS,59,"5,195,877",204,"88,065.70","853,174",vparahaemolyticus,1852,dnaE(1),gyrB(460),recA(367),dtdS(438),pntA(26),pyrC(411),tnaA(23),KL37,OL4-1,60,USA:NJ
SAMN18528221,PASS,135,"5,317,051",202,"39,385.60","625,809",vparahaemolyticus,1853,dnaE(242),gyrB(500),recA(218),dtdS(13),pntA(31),pyrC(204),tnaA(17),KL48,OL3_or_OL13,59,USA:NJ
SAMN25285898,PASS,131,"5,317,050",207,"40,588.20","1,023,493",vparahaemolyticus,1853,dnaE(242),gyrB(500),recA(218),dtdS(13),pntA(31),pyrC(204),tnaA(17),KL48,OL3_or_OL13,59,USA:NJ
SAMN31466626,PASS,128,"5,279,496",202,"41,246.10","622,848",vparahaemolyticus,1853,dnaE(242),gyrB(500),recA(218),dtdS(13),pntA(31),pyrC(204),tnaA(17),KL48,OL3_or_OL13,59,USA:NJ
SAMN18510951,PASS,127,"5,255,997",203,"41,385.80","1,044,143",vparahaemolyticus,1853,dnaE(242),gyrB(500),recA(218),dtdS(13),pntA(31),pyrC(204),tnaA(17),KL48,OL3_or_OL13,59,USA:NJ
SAMN18528220,PASS,115,"5,305,194",202,"46,132.10","1,023,493",vparahaemolyticus,1853,dnaE(242),gyrB(500),recA(218),dtdS(13),pntA(31),pyrC(204),tnaA(17),KL48,OL3_or_OL13,59,USA:NJ
SAMN20458867,PASS,104,"5,148,230",204,"49,502.20","736,546",vparahaemolyticus,1853,dnaE(242),gyrB(500),recA(218),dtdS(13),pntA(31),pyrC(204),tnaA(17),KL69,OL3_or_OL13,59,USA:NJ
SAMN08473228,PASS,94,"5,177,783",201,"55,082.80","668,131",vparahaemolyticus,1853,dnaE(242),gyrB(500),recA(218),dtdS(13),pntA(31),pyrC(204),tnaA(17),KL69,OL3_or_OL13,59,USA
SAMN27514929,PASS,93,"5,302,016",204,"57,010.90","1,176,197",vparahaemolyticus,1853,dnaE(242),gyrB(500),recA(218),dtdS(13),pntA(31),pyrC(204),tnaA(17),KL69,OL3_or_OL13,59,USA:NJ
SAMN28207898,PASS,89,"5,069,561",203,"56,961.40","1,142,061",vparahaemolyticus,1855,dnaE(101),gyrB(501),recA(15),dtdS(19),pntA(148),pyrC(59),tnaA(263),KL45,OL3_or_OL13,223,USA:NJ
SAMN08473263,PASS,63,"5,088,389",203,"80,768.10","752,821",vparahaemolyticus,1855,dnaE(101),gyrB(501),recA(15),dtdS(19),pntA(148),pyrC(59),tnaA(263),KL45,OL3_or_OL13,223,USA
SAMN08473224,PASS,78,"5,026,867",204,"64,447","682,763",vparahaemolyticus,1856,dnaE(93),gyrB(502),recA(75),dtdS(205),pntA(117),pyrC(61),tnaA(47),KL32,OL15,299,USA
SAMN35217030,PASS,57,"5,000,119",200,"87,721.40","1,248,540",vparahaemolyticus,1859,dnaE(31),gyrB(503),recA(266),dtdS(19),pntA(26),pyrC(73),tnaA(23),KL28,OL2,457,Spain: Cadiz
SAMN08473293,PASS,74,"4,971,525",215,"67,182.80","1,140,237",vparahaemolyticus,1860,dnaE(27),gyrB(300),recA(192),dtdS(8),pntA(78),pyrC(287),tnaA(7),KL138,OL5,985,USA
SAMN13634682,PASS,110,"5,004,769",202,"45,497.90","520,932",vparahaemolyticus,2017,dnaE(3),gyrB(523),recA(25),dtdS(27),pntA(263),pyrC(424),tnaA(12),KL52,OL12,283,"USA: NI, GBE"
SAMN13634678,PASS,101,"4,992,825",200,"49,433.90","778,492",vparahaemolyticus,2017,dnaE(3),gyrB(523),recA(25),dtdS(27),pntA(263),pyrC(424),tnaA(12),KL52,OL12,283,"USA: NI, GBE"
SAMN13634679,PASS,104,"5,068,731",203,"48,737.80","565,162",vparahaemolyticus,2018,dnaE(49),gyrB(69),recA(57),dtdS(466),pntA(46),pyrC(65),tnaA(24),KL156,OL12,931,"USA:OR, GBE"
SAMN13634681,PASS,71,"5,076,401",204,"71,498.60","1,288,798",vparahaemolyticus,2026,dnaE(123),gyrB(100),recA(127),dtdS(29),pntA(66),pyrC(11),tnaA(31),KL149,OL11,439,"USA:OR, GBE"
SAMN11388526,PASS,208,"5,182,171",200,"24,914.30","354,877",vparahaemolyticus,2118,dnaE(64),gyrB(106),recA(146),dtdS(478),pntA(268),pyrC(11),tnaA(23),KL17,OL14,955,USA: MA
SAMN11388531,PASS,141,"5,198,669",200,"36,870","507,091",vparahaemolyticus,2119,dnaE(31),gyrB(66),recA(341),dtdS(7),pntA(33),pyrC(54),tnaA(94),KL20-1,OL6,289,USA: MA
SAMN11388527,PASS,123,"5,198,149",200,"42,261.40","507,091",vparahaemolyticus,2119,dnaE(31),gyrB(66),recA(341),dtdS(7),pntA(33),pyrC(54),tnaA(94),KL20-1,OL6,289,USA: MA
SAMN11388528,PASS,149,"5,131,699",200,"34,440.90","489,193",vparahaemolyticus,2120,dnaE(56),gyrB(296),recA(341),dtdS(195),pntA(33),pyrC(139),tnaA(94),KL104,OL1,288,USA: MA
SAMN11388530,PASS,145,"5,132,821",200,"35,398.80","489,194",vparahaemolyticus,2120,dnaE(56),gyrB(296),recA(341),dtdS(195),pntA(33),pyrC(139),tnaA(94),KL104,OL1,288,USA: MA
SAMN11388529,PASS,122,"5,073,145",200,"41,583.20","363,501",vparahaemolyticus,2121,dnaE(17),gyrB(57),recA(52),dtdS(479),pntA(44),pyrC(28),tnaA(36),KL56,OL5,33,"USA: Barnstable, MA"
SAMN11388523,PASS,166,"4,919,907",200,"29,638","232,251",vparahaemolyticus,2211,dnaE(17),gyrB(336),recA(143),dtdS(13),pntA(14),pyrC(442),tnaA(36),KLUT6,OL6,957,USA: MA
SAMN11388524,PASS,131,"5,221,341",200,"39,857.60","636,428",vparahaemolyticus,2212,dnaE(31),gyrB(296),recA(13),dtdS(7),pntA(270),pyrC(31),tnaA(87),KL41,OL1,137,USA: MA
SAMN25134884,PASS,113,"5,131,528",203,"45,411.80","703,683",vparahaemolyticus,2212,dnaE(31),gyrB(296),recA(13),dtdS(7),pntA(270),pyrC(31),tnaA(87),KL41,OL1,137,USA:NJ
SAMN18742566,PASS,94,"5,177,742",200,"55,082.40","747,347",vparahaemolyticus,2212,dnaE(31),gyrB(296),recA(13),dtdS(7),pntA(270),pyrC(31),tnaA(87),KL41,OL1,137,USA:NJ
SAMN18742555,PASS,84,"5,195,397",203,"61,850","703,750",vparahaemolyticus,2212,dnaE(31),gyrB(296),recA(13),dtdS(7),pntA(270),pyrC(31),tnaA(87),KL41,OL1,137,USA:NJ
SAMN11388533,PASS,79,"5,063,537",202,"64,095.40","1,294,217",vparahaemolyticus,2213,dnaE(158),gyrB(383),recA(62),dtdS(153),pntA(195),pyrC(46),tnaA(26),KL123,OL11,214,"USA: GBE, NH"
SAMN13634684,PASS,119,"4,988,572",204,"41,920.80","449,300",vparahaemolyticus,2214,dnaE(20),gyrB(538),recA(60),dtdS(35),pntA(31),pyrC(62),tnaA(23),KL24,OL16,215,"USA:OR, GBE"
SAMN13634683,PASS,75,"4,991,825",201,"66,557.70","1,300,871",vparahaemolyticus,2214,dnaE(20),gyrB(538),recA(60),dtdS(35),pntA(31),pyrC(62),tnaA(23),KL24,OL16,215,"USA: NI, GBE"
SAMN11388520,PASS,41,"4,986,812",201,"121,629.60","1,304,024",vparahaemolyticus,2214,dnaE(20),gyrB(538),recA(60),dtdS(35),pntA(31),pyrC(62),tnaA(23),KL24,OL16,215,"USA: GBE, NH"
SAMN08473271,PASS,101,"5,057,952",217,"50,078.70","959,475",vparahaemolyticus,2259,dnaE(4),gyrB(226),recA(100),dtdS(27),pntA(26),pyrC(100),tnaA(105),KL42,OL4,172,USA
SAMN13633985,PASS,119,"4,983,563",206,"41,878.70","449,922",vparahaemolyticus,2324,dnaE(121),gyrB(50),recA(25),dtdS(74),pntA(26),pyrC(73),tnaA(73),KL156,OL12,435,"USA: OR GBE, NH"
SAMN18742569,PASS,59,"5,029,000",200,"85,237.30","1,692,910",vparahaemolyticus,2436,dnaE(36),gyrB(184),recA(31),dtdS(76),pntA(28),pyrC(77),tnaA(84),KL28,OL2,44,USA:NJ
SAMN18510959,PASS,96,"5,031,443",200,"52,410.90","403,951",vparahaemolyticus,2438,dnaE(411),gyrB(551),recA(41),dtdS(140),pntA(46),pyrC(451),tnaA(163),KL122,OL3_or_OL13,269,USA:NJ
SAMN18742564,PASS,57,"5,020,116",200,"88,072.20","942,181",vparahaemolyticus,2438,dnaE(411),gyrB(551),recA(41),dtdS(140),pntA(46),pyrC(451),tnaA(163),KL122,OL3_or_OL13,269,USA:NJ
SAMN18742562,PASS,53,"5,078,129",204,"95,813.80","1,062,022",vparahaemolyticus,2439,dnaE(412),gyrB(553),recA(141),dtdS(14),pntA(278),pyrC(137),tnaA(288),KL42,OL4,407,USA:NJ
SAMN18742557,PASS,85,"5,401,685",204,"63,549.20","888,732",vparahaemolyticus,2440,dnaE(25),gyrB(454),recA(403),dtdS(13),pntA(279),pyrC(453),tnaA(20),KL156,OL11,409,USA:NJ
SAMN25134885,PASS,112,"4,970,002",207,"44,375","752,710",vparahaemolyticus,2441,dnaE(17),gyrB(552),recA(13),dtdS(36),pntA(15),pyrC(452),tnaA(26),KL8,OL4,54,USA:NJ
SAMN09869750,PASS,99,"5,181,116",204,"52,334.50","423,316",vparahaemolyticus,2442,dnaE(80),gyrB(212),recA(404),dtdS(19),pntA(18),pyrC(454),tnaA(289),KL147,OL3_or_OL13,443,USA:NY
SAMN18509371,PASS,152,"5,121,394",203,"33,693.40","402,233",vparahaemolyticus,2446,dnaE(51),gyrB(556),recA(3),dtdS(146),pntA(280),pyrC(458),tnaA(47),KL38,OL1,872,USA:NJ
SAMN18510954,PASS,145,"5,085,949",201,"35,075.50","467,268",vparahaemolyticus,2447,dnaE(413),gyrB(515),recA(109),dtdS(162),pntA(281),pyrC(62),tnaA(57),KL28,OL2,869,USA:NJ
SAMN18510955,PASS,72,"4,988,791",204,"69,288.80","804,611",vparahaemolyticus,2448,dnaE(306),gyrB(88),recA(31),dtdS(501),pntA(4),pyrC(396),tnaA(217),KL104,OL1,868,USA:NJ
SAMN18510896,PASS,111,"5,114,092",224,"46,072.90","397,436",vparahaemolyticus,2449,dnaE(19),gyrB(273),recA(405),dtdS(502),pntA(4),pyrC(69),tnaA(23),KL11,OL4,175,USA:NJ
SAMN19796200,PASS,95,"5,073,977",205,"53,410.30","898,000",vparahaemolyticus,2449,dnaE(19),gyrB(273),recA(405),dtdS(502),pntA(4),pyrC(69),tnaA(23),KL11,OL4,175,USA:NJ
SAMN18509470,PASS,145,"5,115,771",203,"35,281.20","326,178",vparahaemolyticus,2452,dnaE(127),gyrB(67),recA(24),dtdS(133),pntA(10),pyrC(5),tnaA(94),KL28,OL2,157,USA:NJ
SAMN18510956,PASS,33,"5,004,353",207,"151,647.10","1,194,407",vparahaemolyticus,2453,dnaE(291),gyrB(109),recA(73),dtdS(229),pntA(4),pyrC(10),tnaA(94),KL17,OL14,867,USA:NJ
SAMN18510948,PASS,115,"5,244,278",211,"45,602.40","748,835",vparahaemolyticus,2454,dnaE(31),gyrB(248),recA(232),dtdS(76),pntA(129),pyrC(46),tnaA(14),KL64,OL1-1,270,USA:NJ
SAMN19796152,PASS,105,"5,238,823",202,"49,893.60","945,012",vparahaemolyticus,2454,dnaE(31),gyrB(248),recA(232),dtdS(76),pntA(129),pyrC(46),tnaA(14),KL64,OL1-1,270,USA:NJ
SAMN32188373,PASS,85,"5,243,853",202,"61,692.40","1,217,468",vparahaemolyticus,2454,dnaE(31),gyrB(248),recA(232),dtdS(76),pntA(129),pyrC(46),tnaA(14),KL64,OL1-1,270,USA:NJ
SAMN18530006,PASS,149,"5,209,970",206,"34,966.20","550,845",vparahaemolyticus,2455,dnaE(19),gyrB(4),recA(89),dtdS(19),pntA(74),pyrC(214),tnaA(24),KL125,OL10,236,USA:NJ
SAMN18762051,PASS,66,"5,102,879",200,"77,316.30","949,750",vparahaemolyticus,2464,dnaE(137),gyrB(558),recA(22),dtdS(504),pntA(282),pyrC(46),tnaA(77),KL66,OL7,855,USA:NJ
SAMN18762048,PASS,53,"5,130,067",203,"96,793.70","1,183,170",vparahaemolyticus,2465,dnaE(101),gyrB(147),recA(15),dtdS(19),pntA(148),pyrC(56),tnaA(26),KL45,OL3_or_OL13,205,USA:NJ
SAMN18762040,PASS,106,"5,055,030",203,"47,689","710,348",vparahaemolyticus,2466,dnaE(26),gyrB(29),recA(10),dtdS(7),pntA(14),pyrC(32),tnaA(290),KL113,OL1,5,USA:NJ
SAMN20305597,PASS,81,"4,915,803",206,"60,688.90","623,391",vparahaemolyticus,2467,dnaE(179),gyrB(559),recA(219),dtdS(505),pntA(283),pyrC(31),tnaA(2),KL109,OL11,406,USA:NJ
SAMN18762053,PASS,87,"4,957,567",201,"56,983.50","1,161,307",vparahaemolyticus,2470,dnaE(239),gyrB(16),recA(13),dtdS(7),pntA(284),pyrC(31),tnaA(20),KL139,OL5,854,USA:NJ
SAMN28495060,PASS,159,"5,917,183",200,"37,215","543,733",vparahaemolyticus,2474,dnaE(17),gyrB(323),recA(6),dtdS(19),pntA(21),pyrC(28),tnaA(7),KL18,OL6,52,"Canada: Eel Lake, Yarmouth County, Nova Scotia"
SAMN08469476,PASS,123,"4,920,562",217,"40,004.60","313,965",vparahaemolyticus,2474,dnaE(17),gyrB(323),recA(6),dtdS(19),pntA(21),pyrC(28),tnaA(7),KL143,OL6,52,USA
SAMN09242490,PASS,114,"4,943,064",203,"43,360.20","355,975",vparahaemolyticus,2474,dnaE(17),gyrB(323),recA(6),dtdS(19),pntA(21),pyrC(28),tnaA(7),KL143,OL6,52,USA
SAMN08469477,PASS,108,"4,953,151",203,"45,862.50","342,474",vparahaemolyticus,2474,dnaE(17),gyrB(323),recA(6),dtdS(19),pntA(21),pyrC(28),tnaA(7),KL143,OL6,52,USA
SAMN09242492,PASS,103,"4,938,450",217,"47,946.10","403,333",vparahaemolyticus,2474,dnaE(17),gyrB(323),recA(6),dtdS(19),pntA(21),pyrC(28),tnaA(7),KL143,OL6,52,USA
SAMN08965148,PASS,256,"5,984,367",204,"23,376.40","251,543",vparahaemolyticus,2476,dnaE(56),gyrB(451),recA(13),dtdS(157),pntA(31),pyrC(46),tnaA(20),KL118,OL1,74,USA
SAMN13283549,PASS,152,"5,171,043",200,"34,020","282,316",vparahaemolyticus,2476,dnaE(56),gyrB(451),recA(13),dtdS(157),pntA(31),pyrC(46),tnaA(20),KL118,OL1,74,USA
SAMN13283506,PASS,146,"5,178,595",200,"35,469.80","279,511",vparahaemolyticus,2476,dnaE(56),gyrB(451),recA(13),dtdS(157),pntA(31),pyrC(46),tnaA(20),KL118,OL1,74,USA
SAMN13283472,PASS,143,"5,174,240",200,"36,183.50","560,836",vparahaemolyticus,2476,dnaE(56),gyrB(451),recA(13),dtdS(157),pntA(31),pyrC(46),tnaA(20),KL118,OL1,74,USA
SAMN13283507,PASS,122,"5,179,857",200,"42,457.80","389,197",vparahaemolyticus,2476,dnaE(56),gyrB(451),recA(13),dtdS(157),pntA(31),pyrC(46),tnaA(20),KL118,OL1,74,USA
SAMN13283540,PASS,117,"5,091,035",200,"43,513.10","300,916",vparahaemolyticus,2476,dnaE(56),gyrB(451),recA(13),dtdS(157),pntA(31),pyrC(46),tnaA(20),KL118,OL1,74,USA
SAMN08965184,PASS,117,"5,175,028",204,"44,231","251,539",vparahaemolyticus,2476,dnaE(56),gyrB(451),recA(13),dtdS(157),pntA(31),pyrC(46),tnaA(20),KL118,OL1,74,USA
SAMN13283486,PASS,113,"5,185,754",200,"45,891.60","578,426",vparahaemolyticus,2476,dnaE(56),gyrB(451),recA(13),dtdS(157),pntA(31),pyrC(46),tnaA(20),KL118,OL1,74,USA
SAMN13283499,PASS,112,"5,185,645",200,"46,300.40","578,611",vparahaemolyticus,2476,dnaE(56),gyrB(451),recA(13),dtdS(157),pntA(31),pyrC(46),tnaA(20),KL118,OL1,74,USA
SAMN13283469,PASS,106,"5,187,453",200,"48,938.20","578,426",vparahaemolyticus,2476,dnaE(56),gyrB(451),recA(13),dtdS(157),pntA(31),pyrC(46),tnaA(20),KL118,OL1,74,USA
SAMN08902726,PASS,89,"5,092,188",204,"57,215.60","389,197",vparahaemolyticus,2476,dnaE(56),gyrB(451),recA(13),dtdS(157),pntA(31),pyrC(46),tnaA(20),KL118,OL1,74,USA
SAMN27646139,PASS,90,"5,143,035",203,"57,144.80","618,472",vparahaemolyticus,2477,dnaE(17),gyrB(117),recA(13),dtdS(23),pntA(23),pyrC(140),tnaA(62),KL139,OL11,294,USA
SAMN09074606,PASS,118,"5,138,986",207,"43,550.70","450,631",vparahaemolyticus,2477,dnaE(17),gyrB(117),recA(13),dtdS(23),pntA(23),pyrC(140),tnaA(62),KL139,OL11,294,USA
SAMN09074609,PASS,108,"5,159,631",207,"47,774.40","672,516",vparahaemolyticus,2477,dnaE(17),gyrB(117),recA(13),dtdS(23),pntA(23),pyrC(140),tnaA(62),KL139,OL11,294,USA
SAMN08965157,PASS,94,"5,064,005",200,"53,872.40","632,369",vparahaemolyticus,2478,dnaE(415),gyrB(106),recA(407),dtdS(28),pntA(12),pyrC(460),tnaA(33),KL116,OL11,301,USA
SAMN08469544,PASS,88,"5,066,727",200,"57,576.40","506,941",vparahaemolyticus,2478,dnaE(415),gyrB(106),recA(407),dtdS(28),pntA(12),pyrC(460),tnaA(33),KL116,OL11,301,USA
SAMN08469559,PASS,67,"5,069,053",200,"75,657.50","608,692",vparahaemolyticus,2478,dnaE(415),gyrB(106),recA(407),dtdS(28),pntA(12),pyrC(460),tnaA(33),KL116,OL11,301,USA
SAMN08469552,PASS,131,"5,058,028",203,"38,610.90","344,410",vparahaemolyticus,2479,dnaE(51),gyrB(16),recA(13),dtdS(36),pntA(285),pyrC(31),tnaA(19),KL25,OL1,65,USA
SAMN08469557,PASS,120,"5,057,087",206,"42,142.40","380,435",vparahaemolyticus,2479,dnaE(51),gyrB(16),recA(13),dtdS(36),pntA(285),pyrC(31),tnaA(19),KL25,OL1,65,USA
SAMN18528244,PASS,58,"5,126,377",203,"88,385.80","1,808,124",vparahaemolyticus,2494,dnaE(417),gyrB(564),recA(412),dtdS(160),pntA(113),pyrC(238),tnaA(29),KL17,OL14,162,USA:NJ
SAMN19796199,PASS,56,"5,063,535",203,"90,420.30","1,764,814",vparahaemolyticus,2494,dnaE(417),gyrB(564),recA(412),dtdS(160),pntA(113),pyrC(238),tnaA(29),KL17,OL14,162,USA:NJ
SAMN19796198,PASS,108,"5,100,621",204,"47,228","940,448",vparahaemolyticus,2495,dnaE(137),gyrB(565),recA(413),dtdS(505),pntA(287),pyrC(43),tnaA(291),KL107,OL3_or_OL13,156,USA:NJ
SAMN19796196,PASS,108,"5,108,108",204,"47,297.30","940,538",vparahaemolyticus,2495,dnaE(137),gyrB(565),recA(413),dtdS(505),pntA(287),pyrC(43),tnaA(291),KL107,OL3_or_OL13,156,USA:NJ
SAMN19796182,PASS,94,"5,088,540",204,"54,133.40","725,153",vparahaemolyticus,2495,dnaE(137),gyrB(565),recA(413),dtdS(505),pntA(287),pyrC(43),tnaA(291),KL107,OL3_or_OL13,156,USA:NJ
SAMN19918843,PASS,87,"5,107,382",204,"58,705.50","940,448",vparahaemolyticus,2495,dnaE(137),gyrB(565),recA(413),dtdS(505),pntA(287),pyrC(43),tnaA(291),KL107,OL3_or_OL13,156,USA:NJ
SAMN19796185,PASS,76,"5,058,965",205,"66,565.30","1,788,973",vparahaemolyticus,2496,dnaE(5),gyrB(104),recA(31),dtdS(35),pntA(26),pyrC(145),tnaA(57),KL143,OL8,849,USA:NJ
SAMN25285892,PASS,96,"5,026,942",203,"52,364","1,091,365",vparahaemolyticus,2497,dnaE(3),gyrB(106),recA(155),dtdS(175),pntA(28),pyrC(37),tnaA(26),KL32,OL15,135,USA:NJ
SAMN25285889,PASS,86,"5,026,424",203,"58,446.80","1,806,073",vparahaemolyticus,2497,dnaE(3),gyrB(106),recA(155),dtdS(175),pntA(28),pyrC(37),tnaA(26),KL32,OL15,135,USA:NJ
SAMN19796162,PASS,84,"5,025,529",203,"59,827.70","1,091,365",vparahaemolyticus,2497,dnaE(3),gyrB(106),recA(155),dtdS(175),pntA(28),pyrC(37),tnaA(26),KL32,OL15,135,USA:NJ
SAMN19796178,PASS,82,"4,970,761",203,"60,619","1,143,526",vparahaemolyticus,2498,dnaE(239),gyrB(566),recA(414),dtdS(497),pntA(33),pyrC(29),tnaA(20),KL156,OL5,405,USA:NJ
SAMN19796173,PASS,103,"5,040,751",201,"48,939.30","524,687",vparahaemolyticus,2499,dnaE(26),gyrB(16),recA(6),dtdS(511),pntA(4),pyrC(462),tnaA(2),KL120,OL1,850,USA:NJ
SAMN19796167,PASS,80,"5,030,468",217,"62,880.90","979,581",vparahaemolyticus,2500,dnaE(35),gyrB(567),recA(21),dtdS(383),pntA(178),pyrC(171),tnaA(199),KL143,OL8,851,USA:NJ
SAMN19796192,PASS,79,"5,053,291",200,"63,965.70","1,752,102",vparahaemolyticus,2501,dnaE(11),gyrB(568),recA(70),dtdS(279),pntA(23),pyrC(463),tnaA(47),KL156,OL16,848,USA:NJ
SAMN19796197,PASS,131,"5,031,259",204,"38,406.60","494,544",vparahaemolyticus,2502,dnaE(12),gyrB(569),recA(205),dtdS(288),pntA(288),pyrC(464),tnaA(23),KL28,OL11,847,USA:NJ
SAMN25656909,PASS,128,"5,059,546",201,"39,527.70","1,527,822",vparahaemolyticus,2503,dnaE(310),gyrB(439),recA(31),dtdS(115),pntA(289),pyrC(140),tnaA(237),KL124,OL3_or_OL13,204,USA:NJ
SAMN19918818,PASS,105,"5,058,231",203,"48,173.60","1,823,734",vparahaemolyticus,2503,dnaE(310),gyrB(439),recA(31),dtdS(115),pntA(289),pyrC(140),tnaA(237),KL124,OL3_or_OL13,204,USA:NJ
SAMN19918811,PASS,96,"5,082,806",218,"52,945.90","1,515,762",vparahaemolyticus,2503,dnaE(310),gyrB(439),recA(31),dtdS(115),pntA(289),pyrC(140),tnaA(237),KL124,OL3_or_OL13,204,USA:NJ
SAMN25656906,PASS,71,"4,995,587",201,"70,360.40","1,516,482",vparahaemolyticus,2503,dnaE(310),gyrB(439),recA(31),dtdS(115),pntA(289),pyrC(140),tnaA(237),KL124,OL3_or_OL13,204,USA:NJ
SAMN20305596,PASS,92,"4,992,998",203,"54,271.70","870,325",vparahaemolyticus,2509,dnaE(3),gyrB(35),recA(51),dtdS(273),pntA(28),pyrC(29),tnaA(20),KL139,OL11,370,USA:NJ
SAMN20305602,PASS,89,"4,991,776",203,"56,087.40","719,105",vparahaemolyticus,2509,dnaE(3),gyrB(35),recA(51),dtdS(273),pntA(28),pyrC(29),tnaA(20),KL139,OL11,370,USA:NJ
SAMN20305600,PASS,96,"5,170,819",204,"53,862.70","526,346",vparahaemolyticus,2510,dnaE(368),gyrB(570),recA(253),dtdS(34),pntA(4),pyrC(10),tnaA(292),KL64,OL1-1,36,USA:NJ
SAMN31466584,PASS,75,"5,149,444",204,"68,659.30","627,269",vparahaemolyticus,2510,dnaE(368),gyrB(570),recA(253),dtdS(34),pntA(4),pyrC(10),tnaA(292),KL64,OL1-1,36,USA:NJ
SAMN20305604,PASS,156,"5,048,564",200,"32,362.60","369,312",vparahaemolyticus,2511,dnaE(59),gyrB(417),recA(95),dtdS(361),pntA(14),pyrC(32),tnaA(7),KL119,OL5,237,USA:NJ
SAMN20305607,PASS,103,"5,081,634",208,"49,336.30","954,658",vparahaemolyticus,2512,dnaE(20),gyrB(16),recA(415),dtdS(505),pntA(97),pyrC(93),tnaA(293),KL109,OL11,755,USA:NJ
SAMN09242486,PASS,118,"4,994,081",203,"42,322.70","389,288",vparahaemolyticus,2532,dnaE(35),gyrB(300),recA(51),dtdS(321),pntA(4),pyrC(65),tnaA(51),KL119,OL5,119,USA
SAMN09242481,PASS,103,"5,002,642",203,"48,569.30","515,106",vparahaemolyticus,2532,dnaE(35),gyrB(300),recA(51),dtdS(321),pntA(4),pyrC(65),tnaA(51),KL119,OL5,119,USA
SAMN20849626,PASS,106,"4,991,090",201,"47,085.80","730,300",vparahaemolyticus,2535,dnaE(33),gyrB(16),recA(13),dtdS(14),pntA(95),pyrC(54),tnaA(19),KL118,OL1,586,USA:NJ
SAMN20458876,PASS,87,"5,070,584",204,"58,282.60","1,826,401",vparahaemolyticus,2536,dnaE(5),gyrB(572),recA(299),dtdS(47),pntA(292),pyrC(468),tnaA(17),KL52,OL12,336,USA:NJ
SAMN20849624,PASS,82,"5,069,023",200,"61,817.40","1,825,989",vparahaemolyticus,2536,dnaE(5),gyrB(572),recA(299),dtdS(47),pntA(292),pyrC(468),tnaA(17),KL52,OL12,336,USA:NJ
SAMN20849621,PASS,92,"5,195,091",203,"56,468.40","1,801,975",vparahaemolyticus,2537,dnaE(1),gyrB(573),recA(367),dtdS(438),pntA(26),pyrC(411),tnaA(23),KL37,OL4-1,60,USA:NJ
SAMN20849628,PASS,94,"4,968,007",205,"52,851.10","837,297",vparahaemolyticus,2538,dnaE(56),gyrB(176),recA(59),dtdS(7),pntA(97),pyrC(139),tnaA(20),KL61,OL5,585,USA:NJ
SAMN20849617,PASS,57,"5,060,271",204,"88,776.70","915,139",vparahaemolyticus,2539,dnaE(33),gyrB(104),recA(80),dtdS(103),pntA(28),pyrC(11),tnaA(9),KL118,OL4-1,317,USA:NJ
SAMN20849615,PASS,98,"5,184,671",202,"52,904.80","408,138",vparahaemolyticus,2540,dnaE(150),gyrB(185),recA(419),dtdS(292),pntA(21),pyrC(78),tnaA(26),KL28,OL2,84,USA:NJ
SAMN20976147,PASS,139,"5,281,528",200,"37,996.60","658,924",vparahaemolyticus,2542,dnaE(31),gyrB(16),recA(56),dtdS(157),pntA(4),pyrC(32),tnaA(228),KL119,OL5,334,USA:NJ
SAMN20976150,PASS,118,"5,216,746",200,"44,209.70","658,931",vparahaemolyticus,2542,dnaE(31),gyrB(16),recA(56),dtdS(157),pntA(4),pyrC(32),tnaA(228),KL119,OL5,334,USA:NJ
SAMN20975120,PASS,159,"5,274,232",206,"33,171.30","665,456",vparahaemolyticus,2543,dnaE(26),gyrB(16),recA(59),dtdS(8),pntA(95),pyrC(32),tnaA(2),KL121,OL11,581,USA:NJ
SAMN20975121,PASS,66,"5,115,623",213,"77,509.40","1,187,494",vparahaemolyticus,2544,dnaE(248),gyrB(159),recA(3),dtdS(410),pntA(26),pyrC(10),tnaA(71),KL28,OL2,359,USA:NJ
SAMN20975117,PASS,71,"4,965,242",202,"69,933","1,768,766",vparahaemolyticus,2545,dnaE(98),gyrB(574),recA(123),dtdS(515),pntA(174),pyrC(35),tnaA(26),KL156,OL12,582,USA:NJ
SAMN27114197,PASS,105,"5,209,555",205,"49,614.80","780,762",vparahaemolyticus,2546,dnaE(93),gyrB(118),recA(6),dtdS(19),pntA(33),pyrC(93),tnaA(81),KL48,OL3_or_OL13,23,USA:NJ
SAMN20975115,PASS,94,"5,186,731",202,"55,178","790,588",vparahaemolyticus,2546,dnaE(93),gyrB(118),recA(6),dtdS(19),pntA(33),pyrC(93),tnaA(81),KL48,OL3_or_OL13,23,USA:NJ
SAMN26659668,PASS,131,"5,268,235",216,"40,215.50","548,650",vparahaemolyticus,2547,dnaE(420),gyrB(25),recA(420),dtdS(288),pntA(293),pyrC(367),tnaA(295),KL24,OL16,147,USA:NJ
SAMN25656905,PASS,125,"5,292,086",204,"42,336.70","724,871",vparahaemolyticus,2547,dnaE(420),gyrB(25),recA(420),dtdS(288),pntA(293),pyrC(367),tnaA(295),KL24,OL16,147,USA:NJ
SAMN20975113,PASS,124,"5,279,317",208,"42,575.10","724,609",vparahaemolyticus,2547,dnaE(420),gyrB(25),recA(420),dtdS(288),pntA(293),pyrC(367),tnaA(295),KL24,OL16,147,USA:NJ
SAMN27023183,PASS,124,"5,296,138",208,"42,710.80","535,219",vparahaemolyticus,2547,dnaE(420),gyrB(25),recA(420),dtdS(288),pntA(293),pyrC(367),tnaA(295),KL24,OL16,147,USA:NJ
SAMN32973012,PASS,120,"5,308,304",211,"44,235.90","557,423",vparahaemolyticus,2547,dnaE(420),gyrB(25),recA(420),dtdS(288),pntA(293),pyrC(367),tnaA(295),KL24,OL16,147,USA:NJ
SAMN20975111,PASS,54,"5,102,138",229,"94,484","927,693",vparahaemolyticus,2548,dnaE(1),gyrB(460),recA(421),dtdS(438),pntA(26),pyrC(411),tnaA(23),KL37,OL4-1,60,USA:NJ
SAMN02368248,PASS,86,"5,121,856",202,"59,556.50","551,704",vparahaemolyticus,2553,dnaE(19),gyrB(295),recA(422),dtdS(223),pntA(136),pyrC(11),tnaA(13),KL37,OL4,239,USA:ME
SAMN21578994,PASS,133,"5,483,208",201,"41,227.10","502,613",vparahaemolyticus,2561,dnaE(229),gyrB(539),recA(49),dtdS(517),pntA(56),pyrC(187),tnaA(33),KL101,OL4,333,USA:NV
SAMN28093312,PASS,133,"5,483,208",201,"41,227.10","502,613",vparahaemolyticus,2561,dnaE(229),gyrB(539),recA(49),dtdS(517),pntA(56),pyrC(187),tnaA(33),KL101,OL4,333,USA:NV
SAMN20458861,PASS,58,"5,154,798",202,"88,875.80","627,037",vparahaemolyticus,2638,dnaE(104),gyrB(84),recA(39),dtdS(126),pntA(26),pyrC(399),tnaA(12),KL60,OL3_or_OL13,337,USA:NJ
SAMN25285895,PASS,54,"5,155,122",203,"95,465.20","787,711",vparahaemolyticus,2638,dnaE(104),gyrB(84),recA(39),dtdS(126),pntA(26),pyrC(399),tnaA(12),KL60,OL3_or_OL13,337,USA:NJ
SAMN31466614,PASS,105,"5,081,731",200,"48,397.40","1,745,325",vparahaemolyticus,2691,dnaE(250),gyrB(2),recA(59),dtdS(309),pntA(26),pyrC(11),tnaA(26),KL17,OL14,504,USA:NJ
SAMN26659674,PASS,70,"4,985,150",202,"71,216.40","1,417,459",vparahaemolyticus,2728,dnaE(111),gyrB(602),recA(453),dtdS(541),pntA(306),pyrC(71),tnaA(248),KL32,OL15,547,USA:NJ
SAMN19796154,PASS,58,"5,208,245",204,"89,797.30","1,469,044",vparahaemolyticus,2755,dnaE(17),gyrB(16),recA(455),dtdS(7),pntA(24),pyrC(16),tnaA(20),KLUT4-1,OL3_or_OL13,16,USA:NJ
SAMN25134887,PASS,110,"5,216,664",203,"47,424.20","801,476",vparahaemolyticus,2758,dnaE(3),gyrB(37),recA(458),dtdS(13),pntA(308),pyrC(496),tnaA(181),KL9,OL4,330,USA:NJ
SAMN26751082,PASS,100,"5,208,218",203,"52,082.20","837,723",vparahaemolyticus,2758,dnaE(3),gyrB(37),recA(458),dtdS(13),pntA(308),pyrC(496),tnaA(181),KL9,OL4,330,USA:NJ
SAMN25134888,PASS,91,"5,244,965",222,"57,637","1,410,056",vparahaemolyticus,2759,dnaE(443),gyrB(604),recA(3),dtdS(288),pntA(28),pyrC(186),tnaA(321),KL124,OL3_or_OL13,568,USA:NJ
SAMN25285891,PASS,105,"5,037,450",204,"47,975.70","458,343",vparahaemolyticus,2760,dnaE(17),gyrB(323),recA(205),dtdS(19),pntA(21),pyrC(140),tnaA(23),KL143,OL6,565,USA:NJ
SAMN25285886,PASS,78,"5,121,604",204,"65,661.60","1,361,004",vparahaemolyticus,2761,dnaE(17),gyrB(298),recA(459),dtdS(19),pntA(26),pyrC(92),tnaA(51),KL127,OL3_or_OL13,226,USA:NJ
SAMN09818964,PASS,58,"5,096,678",237,"87,873.80","850,056",vparahaemolyticus,2761,dnaE(17),gyrB(298),recA(459),dtdS(19),pntA(26),pyrC(92),tnaA(51),KL127,OL3_or_OL13,226,USA:NY
SAMN25285890,PASS,87,"4,958,769",204,"56,997.30","964,662",vparahaemolyticus,2762,dnaE(150),gyrB(16),recA(414),dtdS(545),pntA(33),pyrC(33),tnaA(2),KL139,OL5,566,USA:NJ
SAMN25285893,PASS,90,"5,177,252",215,"57,525","1,140,649",vparahaemolyticus,2763,dnaE(242),gyrB(500),recA(218),dtdS(13),pntA(95),pyrC(204),tnaA(17),KL69,OL3_or_OL13,59,USA:NJ
SAMN09828185,PASS,109,"5,177,449",204,"47,499.50","840,154",vparahaemolyticus,2763,dnaE(242),gyrB(500),recA(218),dtdS(13),pntA(95),pyrC(204),tnaA(17),KL69,OL3_or_OL13,59,USA:NY
SAMN25285897,PASS,83,"4,976,557",202,"59,958.50","1,050,076",vparahaemolyticus,2765,dnaE(445),gyrB(606),recA(460),dtdS(14),pntA(99),pyrC(29),tnaA(57),KLUT4,OL3_or_OL13,562,USA:NJ
SAMN25285899,PASS,97,"5,188,434",201,"53,489","1,774,898",vparahaemolyticus,2766,dnaE(26),gyrB(153),recA(49),dtdS(236),pntA(10),pyrC(145),tnaA(153),KL24,OL16,561,USA:NJ
SAMN25285902,PASS,98,"5,001,847",201,"51,039.30","1,335,758",vparahaemolyticus,2767,dnaE(446),gyrB(607),recA(198),dtdS(48),pntA(18),pyrC(46),tnaA(47),KL15,OL5,560,USA:NJ
SAMN25285900,PASS,68,"5,120,896",203,"75,307.30","761,241",vparahaemolyticus,2768,dnaE(101),gyrB(501),recA(15),dtdS(19),pntA(148),pyrC(59),tnaA(322),KL45,OL3_or_OL13,223,USA:NJ
SAMN19918826,PASS,100,"5,074,156",205,"50,741.60","1,695,752",vparahaemolyticus,2830,dnaE(60),gyrB(184),recA(467),dtdS(346),pntA(194),pyrC(27),tnaA(30),KL28,OL2,401,USA:NJ
SAMN25656908,PASS,67,"5,278,526",210,"78,784","695,088",vparahaemolyticus,2853,dnaE(152),gyrB(504),recA(17),dtdS(439),pntA(295),pyrC(55),tnaA(235),KL32,OL15,451,USA:NJ
SAMN25656892,PASS,125,"5,200,859",202,"41,606.90","837,543",vparahaemolyticus,2854,dnaE(2),gyrB(113),recA(475),dtdS(149),pntA(26),pyrC(83),tnaA(23),KL28,OL2,249,USA:NJ
SAMN25656897,PASS,122,"5,138,323",202,"42,117.40","1,646,306",vparahaemolyticus,2854,dnaE(2),gyrB(113),recA(475),dtdS(149),pntA(26),pyrC(83),tnaA(23),KL28,OL2,249,USA:NJ
SAMN25656893,PASS,74,"5,081,279",216,"68,665.90","1,806,160",vparahaemolyticus,2856,dnaE(3),gyrB(13),recA(31),dtdS(430),pntA(11),pyrC(43),tnaA(24),KL127,OL3_or_OL13,419,USA:NJ
SAMN25656896,PASS,99,"5,068,591",216,"51,197.90","1,755,760",vparahaemolyticus,2857,dnaE(452),gyrB(25),recA(98),dtdS(263),pntA(311),pyrC(221),tnaA(266),KL28,OL2,557,USA:NJ
SAMN25656895,PASS,94,"5,126,410",203,"54,536.30","608,798",vparahaemolyticus,2858,dnaE(126),gyrB(161),recA(476),dtdS(19),pntA(46),pyrC(10),tnaA(26),KL145,OL1-1,558,USA:NJ
SAMN27590320,PASS,81,"5,092,331",202,"62,868.30","793,778",vparahaemolyticus,2859,dnaE(20),gyrB(434),recA(335),dtdS(28),pntA(12),pyrC(21),tnaA(15),KL53,OL3_or_OL13,114,USA
SAMN27590642,PASS,78,"5,113,295",200,"65,555.10","793,746",vparahaemolyticus,2859,dnaE(20),gyrB(434),recA(335),dtdS(28),pntA(12),pyrC(21),tnaA(15),KL53,OL3_or_OL13,114,USA
SAMN27590658,PASS,74,"5,180,213",220,"70,002.90","948,751",vparahaemolyticus,2859,dnaE(20),gyrB(434),recA(335),dtdS(28),pntA(12),pyrC(21),tnaA(15),KLUT4-1,OL3_or_OL13,114,USA
SAMN09296176,PASS,75,"5,067,694",202,"67,569.30","408,382",vparahaemolyticus,2859,dnaE(20),gyrB(434),recA(335),dtdS(28),pntA(12),pyrC(21),tnaA(15),KLUT4-1,OL3_or_OL13,114,USA
SAMN09296195,PASS,70,"5,069,886",202,"72,426.90","550,645",vparahaemolyticus,2859,dnaE(20),gyrB(434),recA(335),dtdS(28),pntA(12),pyrC(21),tnaA(15),KL53,OL3_or_OL13,114,USA
SAMN09296217,PASS,57,"5,072,659",202,"88,994","808,588",vparahaemolyticus,2859,dnaE(20),gyrB(434),recA(335),dtdS(28),pntA(12),pyrC(21),tnaA(15),KLUT4-1,OL3_or_OL13,114,USA
SAMN09295482,PASS,52,"5,073,400",202,"97,565.40","871,013",vparahaemolyticus,2859,dnaE(20),gyrB(434),recA(335),dtdS(28),pntA(12),pyrC(21),tnaA(15),KLUT4-1,OL3_or_OL13,114,USA
SAMN13808686,PASS,141,"5,069,786",204,"35,955.90","638,080",vparahaemolyticus,2861,dnaE(137),gyrB(622),recA(19),dtdS(34),pntA(129),pyrC(46),tnaA(14),KL131,OL10,185,USA
SAMN13809954,PASS,103,"5,077,129",202,"49,292.50","632,349",vparahaemolyticus,2861,dnaE(137),gyrB(622),recA(19),dtdS(34),pntA(129),pyrC(46),tnaA(14),KL131,OL10,185,USA
SAMN08965181,PASS,98,"5,069,492",200,"51,729.50","271,582",vparahaemolyticus,2861,dnaE(137),gyrB(622),recA(19),dtdS(34),pntA(129),pyrC(46),tnaA(14),KL131,OL10,185,USA
SAMN31466562,PASS,63,"4,983,024",216,"79,095.60","956,219",vparahaemolyticus,2865,dnaE(56),gyrB(16),recA(13),dtdS(157),pntA(33),pyrC(32),tnaA(228),KL66,OL5,505,USA:NJ
SAMN31537097,PASS,87,"5,049,362",200,"58,038.60","1,090,761",vparahaemolyticus,2866,dnaE(116),gyrB(149),recA(72),dtdS(76),pntA(45),pyrC(509),tnaA(26),KL42,OL4,86,USA:NJ
SAMN26659670,PASS,74,"5,047,842",204,"68,214.10","913,440",vparahaemolyticus,2884,dnaE(456),gyrB(106),recA(88),dtdS(557),pntA(31),pyrC(511),tnaA(54),KL30,OL3_or_OL13,209,USA:NJ
SAMN26659669,PASS,118,"5,237,176",201,"44,382.80","1,901,948",vparahaemolyticus,2885,dnaE(7),gyrB(36),recA(4),dtdS(26),pntA(314),pyrC(18),tnaA(26),KL120,OL10,53,USA:NJ
SAMN26659675,PASS,119,"5,414,126",201,"45,496.90","814,336",vparahaemolyticus,2886,dnaE(137),gyrB(404),recA(22),dtdS(558),pntA(117),pyrC(91),tnaA(68),KL39,OL8,546,USA:NJ
SAMN26659672,PASS,81,"5,218,905",203,"64,430.90","867,142",vparahaemolyticus,2887,dnaE(101),gyrB(147),recA(15),dtdS(19),pntA(148),pyrC(59),tnaA(263),KL45,OL3_or_OL13,223,USA:NJ
SAMN27114194,PASS,109,"5,001,435",204,"45,884.70","524,306",vparahaemolyticus,2890,dnaE(10),gyrB(176),recA(329),dtdS(8),pntA(33),pyrC(29),tnaA(26),KL66,OL5,544,USA:NJ
SAMN27114195,PASS,66,"5,083,048",207,"77,015.90","1,778,235",vparahaemolyticus,2891,dnaE(61),gyrB(623),recA(335),dtdS(439),pntA(99),pyrC(512),tnaA(235),KL105,OL1,543,USA:NJ
SAMN27114198,PASS,130,"5,174,697",204,"39,805.40","882,836",vparahaemolyticus,2892,dnaE(1),gyrB(460),recA(367),dtdS(438),pntA(26),pyrC(411),tnaA(7),KL37,OL4-1,60,USA:NJ
SAMN26659667,PASS,110,"5,033,806",208,"45,761.90","653,660",vparahaemolyticus,2893,dnaE(12),gyrB(569),recA(205),dtdS(398),pntA(14),pyrC(464),tnaA(23),KL28,OL11,548,USA:NJ
SAMN27514930,PASS,106,"5,150,844",214,"48,592.90","945,880",vparahaemolyticus,2902,dnaE(55),gyrB(15),recA(31),dtdS(55),pntA(18),pyrC(58),tnaA(23),KL30,OL5,42,USA:NJ
SAMN27646137,PASS,92,"5,272,027",203,"57,304.60","1,228,779",vparahaemolyticus,2907,dnaE(42),gyrB(176),recA(481),dtdS(176),pntA(316),pyrC(37),tnaA(23),KL152,OL8,105,USA
SAMN27591405,PASS,88,"5,271,558",203,"59,904.10","1,275,649",vparahaemolyticus,2907,dnaE(42),gyrB(176),recA(481),dtdS(176),pntA(316),pyrC(37),tnaA(23),KL152,OL8,105,USA
SAMN32316483,PASS,86,"5,271,541",203,"61,297","1,274,345",vparahaemolyticus,2907,dnaE(42),gyrB(176),recA(481),dtdS(176),pntA(316),pyrC(37),tnaA(23),KL152,OL8,105,USA
SAMN27646141,PASS,84,"5,589,798",203,"66,545.20","1,274,346",vparahaemolyticus,2907,dnaE(42),gyrB(176),recA(481),dtdS(176),pntA(316),pyrC(37),tnaA(23),KL152,OL8,105,USA
SAMN32316482,PASS,80,"5,270,620",203,"65,882.80","1,274,347",vparahaemolyticus,2907,dnaE(42),gyrB(176),recA(481),dtdS(176),pntA(316),pyrC(37),tnaA(23),KL152,OL8,105,USA
SAMN27591408,PASS,78,"5,213,000",203,"66,833.30","1,274,348",vparahaemolyticus,2907,dnaE(42),gyrB(176),recA(481),dtdS(176),pntA(316),pyrC(37),tnaA(23),KL152,OL8,105,USA
SAMN27646138,PASS,109,"5,105,857",204,"46,842.70","594,451",vparahaemolyticus,2908,dnaE(56),gyrB(19),recA(13),dtdS(561),pntA(31),pyrC(224),tnaA(228),KL118,OL1,539,USA
SAMN27590321,PASS,100,"5,253,531",204,"52,535.30","929,111",vparahaemolyticus,2909,dnaE(211),gyrB(539),recA(61),dtdS(13),pntA(23),pyrC(514),tnaA(6),KL37,OL4,107,USA
SAMN27646127,PASS,90,"5,247,463",203,"58,305.10","930,000",vparahaemolyticus,2909,dnaE(211),gyrB(539),recA(61),dtdS(13),pntA(23),pyrC(514),tnaA(6),KL37,OL4,107,USA
SAMN27591394,PASS,83,"5,243,601",204,"63,175.90","774,113",vparahaemolyticus,2909,dnaE(211),gyrB(539),recA(61),dtdS(13),pntA(23),pyrC(514),tnaA(6),KL37,OL4,107,USA
SAMN27917784,PASS,81,"5,243,343",204,"64,732.60","929,079",vparahaemolyticus,2909,dnaE(211),gyrB(539),recA(61),dtdS(13),pntA(23),pyrC(514),tnaA(6),KL37,OL4,107,USA
SAMN27646145,PASS,81,"5,246,638",204,"64,773.30","929,219",vparahaemolyticus,2909,dnaE(211),gyrB(539),recA(61),dtdS(13),pntA(23),pyrC(514),tnaA(6),KL37,OL4,107,USA
SAMN27646132,PASS,77,"5,245,440",204,"68,122.60","929,111",vparahaemolyticus,2909,dnaE(211),gyrB(539),recA(61),dtdS(13),pntA(23),pyrC(514),tnaA(6),KL37,OL4,107,USA
SAMN27646147,PASS,73,"5,174,803",203,"70,887.70","858,470",vparahaemolyticus,2909,dnaE(211),gyrB(539),recA(61),dtdS(13),pntA(23),pyrC(514),tnaA(6),KL37,OL4,107,USA
SAMN28207903,PASS,246,"5,445,762",201,"22,137.20","507,758",vparahaemolyticus,2912,dnaE(31),gyrB(16),recA(13),dtdS(563),pntA(95),pyrC(31),tnaA(2),KL41,OL5,536,USA:NJ
SAMN28207899,PASS,76,"5,123,462",203,"67,414","1,813,985",vparahaemolyticus,2913,dnaE(3),gyrB(153),recA(73),dtdS(33),pntA(21),pyrC(10),tnaA(33),KL15,OL5,287,USA:NJ
SAMN28207897,PASS,60,"5,192,539",203,"86,542.30","589,389",vparahaemolyticus,2914,dnaE(6),gyrB(287),recA(77),dtdS(229),pntA(46),pyrC(211),tnaA(150),KL28,OL2,394,USA:NJ
SAMN28207901,PASS,76,"5,462,995",226,"71,881.50","751,984",vparahaemolyticus,2915,dnaE(1),gyrB(115),recA(483),dtdS(520),pntA(18),pyrC(516),tnaA(23),KL32,OL15,325,USA:NJ
SAMN28207900,PASS,75,"5,462,819",226,"72,837.60","799,665",vparahaemolyticus,2915,dnaE(1),gyrB(115),recA(483),dtdS(520),pntA(18),pyrC(516),tnaA(23),KL32,OL15,325,USA:NJ
SAMN28767272,PASS,60,"5,035,778",211,"83,929.60","1,173,792",vparahaemolyticus,2935,dnaE(51),gyrB(555),recA(488),dtdS(76),pntA(23),pyrC(457),tnaA(76),KL65,OL3_or_OL13,158,Canada: Prince Edward Island
SAMN26523574,PASS,62,"5,069,659",204,"81,768.70","1,791,376",vparahaemolyticus,2935,dnaE(51),gyrB(555),recA(488),dtdS(76),pntA(23),pyrC(457),tnaA(76),KL65,OL3_or_OL13,158,USA:NJ
SAMN26523572,PASS,62,"5,069,856",204,"81,771.90","1,791,376",vparahaemolyticus,2935,dnaE(51),gyrB(555),recA(488),dtdS(76),pntA(23),pyrC(457),tnaA(76),KL65,OL3_or_OL13,158,USA:NJ
SAMN19918829,PASS,77,"5,037,826",202,"65,426.30","1,306,608",vparahaemolyticus,2947,dnaE(44),gyrB(561),recA(393),dtdS(224),pntA(286),pyrC(17),tnaA(155),KL11,OL4,400,USA:NJ
SAMN31466631,PASS,92,"5,074,693",212,"55,159.70","1,354,049",vparahaemolyticus,3006,dnaE(3),gyrB(458),recA(31),dtdS(489),pntA(194),pyrC(506),tnaA(24),KL156,OL12,363,USA:NJ
SAMN27590335,PASS,99,"5,398,008",207,"54,525.30","1,300,498",vparahaemolyticus,-,dnaE(29),gyrB(5),recA(21),dtdS(12),pntA(20),pyrC(22),tnaA(24),KL117,OL6,25,USA
SAMN27590329,PASS,135,"5,091,585",222,"37,715.40","712,703",vparahaemolyticus,-,dnaE(20),gyrB(57),recA(10),dtdS(28),pntA(4),pyrC(11),tnaA(33),KL156,OL5,106,USA
SAMN27646149,PASS,121,"5,079,605",202,"41,980.20","712,626",vparahaemolyticus,-,dnaE(20),gyrB(57),recA(10),dtdS(28),pntA(4),pyrC(11),tnaA(33),KL156,OL5,106,USA
SAMN27590337,PASS,108,"5,079,735",222,"47,034.60","570,523",vparahaemolyticus,-,dnaE(20),gyrB(57),recA(10),dtdS(28),pntA(4),pyrC(11),tnaA(33),KL156,OL5,106,USA
SAMN32316480,PASS,97,"5,079,187",222,"52,362.80","712,694",vparahaemolyticus,-,dnaE(20),gyrB(57),recA(10),dtdS(28),pntA(4),pyrC(11),tnaA(33),KL156,OL5,106,USA
SAMN33214618,PASS,84,"5,078,958",214,"60,463.80","712,703",vparahaemolyticus,-,dnaE(20),gyrB(57),recA(10),dtdS(28),pntA(4),pyrC(11),tnaA(33),KL156,OL5,106,USA
SAMN33214610,PASS,82,"5,068,993",202,"61,817","712,662",vparahaemolyticus,-,dnaE(20),gyrB(57),recA(10),dtdS(28),pntA(4),pyrC(11),tnaA(33),KL156,OL5,106,USA
SAMN32316481,PASS,79,"5,082,123",222,"64,330.70","712,688",vparahaemolyticus,-,dnaE(20),gyrB(57),recA(10),dtdS(28),pntA(4),pyrC(11),tnaA(33),KL156,OL5,106,USA
SAMN27590327,PASS,89,"5,058,639",201,"56,838.60","860,297",vparahaemolyticus,-,dnaE(17),gyrB(64),recA(137),dtdS(154),pntA(94),pyrC(29),tnaA(66),KL138,OL5,170,USA
SAMN27590322,PASS,84,"5,063,062",201,"60,274.50","1,135,282",vparahaemolyticus,-,dnaE(17),gyrB(64),recA(137),dtdS(154),pntA(94),pyrC(29),tnaA(66),KL138,OL5,170,USA
SAMN27591395,PASS,72,"5,051,331",212,"70,157.40","1,134,617",vparahaemolyticus,-,dnaE(17),gyrB(64),recA(137),dtdS(154),pntA(94),pyrC(29),tnaA(66),KL138,OL5,170,USA
SAMN27591409,PASS,71,"5,054,152",201,"71,185.20","1,134,489",vparahaemolyticus,-,dnaE(17),gyrB(64),recA(137),dtdS(154),pntA(94),pyrC(29),tnaA(66),KL138,OL5,170,USA
SAMN33426073,PASS,87,"5,109,514",203,"58,730","847,731",vparahaemolyticus,-,dnaE(334),gyrB(181),recA(333),dtdS(395),pntA(28),pyrC(90),tnaA(244),KL110,OL3_or_OL13,327,USA
SAMN27591402,PASS,80,"5,110,094",203,"63,876.20","848,072",vparahaemolyticus,-,dnaE(334),gyrB(181),recA(333),dtdS(395),pntA(28),pyrC(90),tnaA(244),KL110,OL3_or_OL13,327,USA
SAMN27590338,PASS,117,"5,233,659",204,"44,732.10","1,913,764",vparahaemolyticus,-,dnaE(49),gyrB(625),recA(482),dtdS(562),pntA(317),pyrC(203),tnaA(26),KL135,OL4,328,USA
SAMN27591389,PASS,98,"5,224,777",204,"53,314.10","1,913,727",vparahaemolyticus,-,dnaE(49),gyrB(625),recA(482),dtdS(562),pntA(317),pyrC(203),tnaA(26),KL135,OL4,328,USA
SAMN27590659,PASS,91,"5,331,009",203,"58,582.50","584,698",vparahaemolyticus,-,dnaE(42),gyrB(251),recA(72),dtdS(76),pntA(45),pyrC(46),tnaA(26),KL55,OL4,450,USA
SAMN33214613,PASS,43,"5,239,327",205,"121,844.80","1,825,488",vparahaemolyticus,-,dnaE(135),gyrB(139),recA(349),dtdS(~185),pntA(26),pyrC(54),tnaA(26),KL144,OL11,498,USA
SAMN27590336,PASS,93,"5,101,561",204,"54,855.50","856,182",vparahaemolyticus,-,dnaE(42),gyrB(298),recA(31),dtdS(194),pntA(234),pyrC(171),tnaA(87),KL156,OL10,541,USA
SAMN33426076,FLAG,91,"5,144,903",204,"56,537.40","1,348,230",vibrio,-,gyrB(~323),pyrH(21),recA(44),atpA(19),0,0,0,KL156,OL10,#N/A,USA
SAMN12386531,PASS,206,"5,147,764",201,"24,989.10","215,450",vparahaemolyticus,-,dnaE(9),gyrB(21),recA(108?),dtdS(13),pntA(4),pyrC(10),tnaA(26),KL17,OL14,20,USA: New Hampshire
SAMN20458863,PASS,87,"5,142,604",203,"59,110.40","1,846,126",vparahaemolyticus,-,dnaE(31),gyrB(115),recA(22),dtdS(12),pntA(28),pyrC(91),tnaA(68),KLUT1,OL8,49,USA:NJ
SAMN08965130,PASS,138,"5,306,318",203,"38,451.60","295,313",vparahaemolyticus,-,dnaE(28),gyrB(~537),recA(21),dtdS(30),pntA(20),pyrC(23),tnaA(24),KL115,OL3_or_OL13,51,USA
SAMN19918848,PASS,120,"4,960,326",202,"41,336.10","687,381",vparahaemolyticus,-,dnaE(17),gyrB(327),recA(13),dtdS(36),pntA(33),pyrC(31),tnaA(20),KL124,OL1,54,USA:NJ
SAMN28495031,PASS,92,"5,056,709",204,"54,964.20","851,902",vparahaemolyticus,-,dnaE(20),gyrB(25),recA(15),dtdS(6),pntA(7),pyrC(291),tnaA(4),KL8,OL4,56,"Canada: Eel Lake, Yarmouth County, Nova Scotia"
SAMN19918850,PASS,96,"5,322,166",204,"55,439.20","782,111",vparahaemolyticus,-,dnaE(1),gyrB(460),recA(59),dtdS(438),pntA(26),pyrC(~59),tnaA(23),KL37,OL4-1,60,USA:NJ
SAMN19918823,PASS,84,"5,323,390",204,"63,373.70","901,690",vparahaemolyticus,-,dnaE(1),gyrB(460),recA(59),dtdS(438),pntA(26),pyrC(~59),tnaA(23),KL37,OL4-1,60,USA:NJ
SAMN19918801,PASS,80,"5,166,843",213,"64,585.50","911,953",vparahaemolyticus,-,dnaE(6),gyrB(6),recA(425),dtdS(17),pntA(11),pyrC(35),tnaA(54),KL156,OL12,103,USA:NJ
SAMN19918804,PASS,70,"5,245,457",210,"74,935.10","723,324",vparahaemolyticus,-,dnaE(31),gyrB(4),recA(91),dtdS(69),pntA(12),pyrC(90),tnaA(~146),KL125,OL10,117,USA:NJ
SAMN08965177,PASS,161,"5,361,597",201,"33,301.80","318,117",vparahaemolyticus,-,dnaE(2),gyrB(260),recA(276),dtdS(76),pntA(28),pyrC(37),tnaA(57),KL34,OL4,140,USA
SAMN08965176,PASS,138,"5,366,640",201,"38,888.70","312,854",vparahaemolyticus,-,dnaE(2),gyrB(260),recA(276),dtdS(76),pntA(28),pyrC(37),tnaA(57),KL34,OL4,140,USA
SAMN08469561,PASS,116,"5,277,480",212,"45,495.50","647,675",vparahaemolyticus,-,dnaE(2),gyrB(260),recA(276),dtdS(76),pntA(28),pyrC(37),tnaA(57),KL34,OL4,140,USA
SAMN09242515,PASS,61,"5,048,630",201,"82,764.40","820,909",vparahaemolyticus,-,dnaE(17),gyrB(64),recA(137),dtdS(154),pntA(94),pyrC(29),tnaA(66),KL138,OL5,170,USA
SAMN31537101,PASS,111,"5,169,024",203,"46,567.80","421,091",vparahaemolyticus,-,dnaE(19),gyrB(273),recA(405),dtdS(~502),pntA(4),pyrC(69),tnaA(234),KL11,OL4,175,USA:NJ
SAMN19918854,PASS,64,"5,076,605",202,"79,322","899,136",vparahaemolyticus,-,dnaE(17),gyrB(326),recA(231),dtdS(191),pntA(48),pyrC(120),tnaA(24),KL148,OL1,184,USA:NJ
SAMN31466607,PASS,60,"5,181,473",215,"86,357.90","1,830,814",vparahaemolyticus,-,dnaE(51),gyrB(8),recA(390),dtdS(191),pntA(165),pyrC(95),tnaA(23),KL20,OL1,203,USA:NJ
SAMN26523575,PASS,95,"5,164,330",203,"54,361.40","607,633",vparahaemolyticus,-,dnaE(~26),gyrB(147),recA(15),dtdS(19),pntA(~148),pyrC(56),tnaA(20),KL45,OL3_or_OL13,205,USA:NJ
SAMN28232995,PASS,116,"5,915,664",204,"50,997.10","850,198",vparahaemolyticus,-,dnaE(25),gyrB(322),recA(13),dtdS(282),pntA(95),pyrC(32),tnaA(~37),KL3,OL5,316,Germany
SAMN31537099,PASS,82,"5,343,266",201,"65,161.80","1,498,947",vparahaemolyticus,-,dnaE(106),gyrB(~184),recA(25),dtdS(126),pntA(26),pyrC(62),tnaA(26),KL156,OL12,321,USA:NJ
SAMN31537098,PASS,105,"5,091,767",200,"48,493","889,484",vparahaemolyticus,-,dnaE(5),gyrB(41),recA(~366),dtdS(19),pntA(249),pyrC(218),tnaA(23),KL28,OL2,322,USA:NJ
SAMN28495059,PASS,145,"4,945,712",214,"34,108.40","388,108",vparahaemolyticus,-,dnaE(28),gyrB(559),recA(219),dtdS(7),pntA(283),pyrC(54),tnaA(2),KL131,OL11,324,"Canada: Eel Lake, Yarmouth County, Nova Scotia"
SAMN31466571,PASS,67,"5,059,209",203,"75,510.60","1,841,125",vparahaemolyticus,-,dnaE(81),gyrB(~252),recA(81),dtdS(191),pntA(50),pyrC(414),tnaA(33),KL156,OL12,358,USA:NJ
SAMN19918814,PASS,58,"5,022,519",201,"86,595.20","1,779,156",vparahaemolyticus,-,dnaE(355),gyrB(313),recA(60),dtdS(27),pntA(4),pyrC(5),tnaA(26),KL24,OL16,402,USA:NJ
SAMN25134886,PASS,96,"4,992,920",203,"52,009.60","1,127,982",vparahaemolyticus,-,dnaE(239),gyrB(16),recA(414),dtdS(497),pntA(33),pyrC(29),tnaA(20),KL156,OL5,405,USA:NJ
SAMN18528255,PASS,55,"5,059,963",211,"91,999.30","1,297,408",vparahaemolyticus,-,dnaE(382),gyrB(13),recA(60),dtdS(180),pntA(31),pyrC(~212),tnaA(57),KL24,OL16,428,USA:NJ
SAMN18528252,PASS,68,"5,113,612",204,"75,200.20","1,149,039",vparahaemolyticus,-,dnaE(10),gyrB(333),recA(~517),dtdS(25),pntA(26),pyrC(~537),tnaA(23),KL147,OL3_or_OL13,448,USA:NJ
SAMN08965161,PASS,112,"5,316,799",211,"47,471.40","335,402",vparahaemolyticus,-,dnaE(42),gyrB(251),recA(72),dtdS(76),pntA(45),pyrC(46),tnaA(26),KL42,OL4,450,USA
SAMN15342256,PASS,62,"5,008,955",203,"80,789.60","794,305",vparahaemolyticus,-,dnaE(1),gyrB(477),recA(380),dtdS(345),pntA(26),pyrC(431),tnaA(24),KL156,OL12,452,USA:TX
SAMN35217048,PASS,116,"5,081,115",203,"43,802.70","606,625",vparahaemolyticus,-,dnaE(31),gyrB(~165),recA(330),dtdS(275),pntA(61),pyrC(363),tnaA(105),KL37,OL3_or_OL13,488,Spain: Cadiz
SAMN32973095,PASS,83,"5,193,679",201,"62,574.40","830,012",vparahaemolyticus,-,dnaE(56),gyrB(16),recA(237),dtdS(157),pntA(33),pyrC(59),tnaA(20),KL139,OL5,499,USA:NJ
SAMN32188368,PASS,73,"4,982,798",215,"68,257.50","1,096,303",vparahaemolyticus,-,dnaE(17),gyrB(~263),recA(92),dtdS(8),pntA(~170),pyrC(32),tnaA(20),KL136,OL5,500,USA:NJ
SAMN31466622,PASS,61,"5,038,478",203,"82,598","1,765,582",vparahaemolyticus,-,dnaE(64),gyrB(171),recA(19),dtdS(211),pntA(18),pyrC(136),tnaA(137),KL67,OL4,503,USA:NJ
SAMN28495040,PASS,87,"5,175,097",203,"59,483.90","843,212",vparahaemolyticus,-,dnaE(~26),gyrB(33),recA(192),dtdS(496),pntA(283),pyrC(29),tnaA(20),KL136,OL11,535,"Canada: Eel Lake, Yarmouth County, Nova Scotia"
SAMN26523576,PASS,113,"5,111,219",205,"45,232","1,461,741",vparahaemolyticus,-,dnaE(26),gyrB(571),recA(97),dtdS(116),pntA(26),pyrC(11),tnaA(146),KL101,OL4,551,USA:NJ
SAMN26523573,PASS,72,"5,152,437",204,"71,561.60","1,201,685",vparahaemolyticus,-,dnaE(283),gyrB(276),recA(~49),dtdS(103),pntA(23),pyrC(413),tnaA(~176),KL50,OL11,552,USA:NJ
SAMN26523571,PASS,83,"4,932,874",212,"59,432.20","1,155,486",vparahaemolyticus,-,dnaE(45),gyrB(~122),recA(139),dtdS(~223),pntA(14),pyrC(497),tnaA(~62),KL66,OL5,553,USA:NJ
SAMN25524174,PASS,82,"5,145,938",200,"62,755.30","1,297,550",vparahaemolyticus,-,dnaE(155),gyrB(~25),recA(~474),dtdS(170),pntA(104),pyrC(156),tnaA(111),KL13,OL4,559,USA:NJ
SAMN25134890,PASS,73,"4,911,217",204,"67,276.90","1,771,017",vparahaemolyticus,-,dnaE(63),gyrB(~484),recA(137),dtdS(508),pntA(94),pyrC(29),tnaA(23),KL138,OL11,567,USA:NJ
SAMN20458864,PASS,104,"4,985,734",200,"47,939.80","706,852",vparahaemolyticus,-,dnaE(31),gyrB(33),recA(6),dtdS(~8),pntA(14),pyrC(3),tnaA(17),KL139,OL5,588,USA:NJ
SAMN19918865,PASS,87,"5,116,012",204,"58,804.70","1,766,238",vparahaemolyticus,-,dnaE(201),gyrB(~432),recA(67),dtdS(76),pntA(92),pyrC(127),tnaA(98),KL28,OL2,842,USA:NJ
SAMN19918862,PASS,77,"5,070,121",208,"65,845.70","1,739,070",vparahaemolyticus,-,dnaE(7),gyrB(625),recA(31),dtdS(18),pntA(~311),pyrC(11),tnaA(81),KL34,OL4,843,USA:NJ
SAMN19918836,PASS,73,"5,039,139",201,"69,029.30","1,221,462",vparahaemolyticus,-,dnaE(159),gyrB(~4),recA(39),dtdS(~3),pntA(26),pyrC(~43),tnaA(23),KL118,OL1,844,USA:NJ
SAMN19918828,PASS,60,"4,979,556",204,"82,992.60","1,271,495",vparahaemolyticus,-,dnaE(295),gyrB(153),recA(31),dtdS(299),pntA(26),pyrC(45),tnaA(23),KL139,OL16,845,USA:NJ
SAMN18528259,PASS,100,"5,062,342",206,"50,623.40","604,937",vparahaemolyticus,-,dnaE(20),gyrB(61),recA(6),dtdS(~598),pntA(206),pyrC(29),tnaA(~2),KL107,OL6,857,USA:NJ
SAMN18528253,PASS,50,"4,913,503",203,"98,270.10","1,689,443",vparahaemolyticus,-,dnaE(20),gyrB(16),recA(15),dtdS(27),pntA(42),pyrC(29),tnaA(23),KL134,OL4-1,858,USA:NJ
SAMN18528249,PASS,117,"5,099,434",201,"43,584.90","687,927",vparahaemolyticus,-,dnaE(158),gyrB(~296),recA(~61),dtdS(8),pntA(~214),pyrC(3),tnaA(20),KL147,OL3_or_OL13,859,USA:NJ
SAMN18528243,PASS,82,"5,082,397",204,"61,980.50","1,737,629",vparahaemolyticus,-,dnaE(64),gyrB(~340),recA(31),dtdS(151),pntA(6),pyrC(276),tnaA(234),KL128,OL3_or_OL13,860,USA:NJ
SAMN18528241,PASS,87,"5,186,745",202,"59,617.80","785,222",vparahaemolyticus,-,dnaE(8),gyrB(57),recA(200),dtdS(105),pntA(5),pyrC(166),tnaA(87),KL64,OL1-1,861,USA:NJ
SAMN18528239,PASS,66,"5,096,157",203,"77,214.50","1,370,732",vparahaemolyticus,-,dnaE(51),gyrB(404),recA(~230),dtdS(~422),pntA(54),pyrC(~440),tnaA(15),KL32,OL15,862,USA:NJ
SAMN18528238,PASS,88,"5,112,552",203,"58,097.20","885,360",vparahaemolyticus,-,dnaE(28),gyrB(17),recA(21),dtdS(~156),pntA(24),pyrC(23),tnaA(24),KL115,OL3_or_OL13,863,USA:NJ
SAMN18528234,PASS,108,"5,150,233",207,"47,687.30","378,719",vparahaemolyticus,-,dnaE(~155),gyrB(466?),recA(~10),dtdS(~515),pntA(4),pyrC(204),tnaA(19),KL53,OL1-1,864,USA:NJ
SAMN18528223,PASS,122,"5,333,833",203,"43,719.90","774,415",vparahaemolyticus,-,dnaE(148),gyrB(248),recA(75),dtdS(205),pntA(117),pyrC(3),tnaA(87),KL32,OL15,865,USA:NJ
SAMN11388525,PASS,95,"5,402,784",216,"56,871.40","664,433",vparahaemolyticus,-,dnaE(42),gyrB(7),recA(~470),dtdS(483),pntA(226),pyrC(112),tnaA(279),KL156,OL12,956,USA: MA
SAMN09296219,PASS,119,"4,938,080",237,"41,496.50","504,973",vparahaemolyticus,-,dnaE(20),gyrB(~263),recA(459),dtdS(13),pntA(~33),pyrC(119),tnaA(~68),KLUT4-1,OL5,976,USA
SAMN08965146,PASS,126,"5,050,929",207,"40,086.70","431,945",vparahaemolyticus,-,dnaE(17),gyrB(~558),recA(~205),dtdS(57),pntA(23),pyrC(28),tnaA(7),KL21,OL8,983,USA
SAMN08469547,PASS,96,"5,405,177",206,"56,303.90","600,275",vparahaemolyticus,-,dnaE(5),gyrB(137),recA(67),dtdS(427),pntA(23),pyrC(105),tnaA(79),KL117,OL3_or_OL13,995,USA
SAMN02368269,FAIL,"6,320","6,566,225",200,"1,039","27,020",vparahaemolyticus,-,dnaE(145),gyrB(177),recA(140),dtdS(158),pntA(4),pyrC(132),tnaA(356?),KL70,OL8,#N/A,USA:FL
SAMN02368257,FAIL,"6,312","7,654,229",200,"1,212.60","259,171",vparahaemolyticus,-,dnaE(~407),gyrB(177),recA(140?),dtdS(158),pntA(276?),pyrC(132),tnaA(167),KL70,OL8,#N/A,USA:FL
SAMN20458874,FLAG,106,"5,471,662",204,"51,619.50","1,243,482",vibrio,-,gyrB(251),pyrH(40),recA(~277),atpA(19),0,0,0,KL53,OL1-1,#N/A,USA:NJ
SAMN31466590,FLAG,90,"5,159,993",202,"57,333.30","840,697",vibrio,-,gyrB(51),pyrH(40),recA(~285),atpA(49),0,0,0,KL64,OL1-1,#N/A,USA:NJ
SAMN18528260,FLAG,88,"5,138,402",202,"58,390.90","632,352",vibrio,-,gyrB(51),pyrH(40),recA(~285),atpA(49),0,0,0,KL64,OL1-1,#N/A,USA:NJ
SAMN25656898,FLAG,87,"5,268,715",215,"60,559.90","1,070,124",vibrio,-,gyrB(~320),pyrH(21),recA(48),atpA(36),0,0,0,KL15,OL5,#N/A,USA:NJ
SAMN35217046,FLAG,84,"5,076,757",203,"60,437.60","1,098,192",vibrio,-,gyrB(254),pyrH(~40),recA(~244),atpA(39),0,0,0,KL118,OL3_or_OL13,#N/A,Spain: Cadiz
SAMN25524175,FLAG,50,"4,962,347",242,"99,246.90","1,285,594",vibrio,-,gyrB(251),pyrH(40),recA(44),atpA(39),0,0,0,KL127,OL3_or_OL13,#N/A,USA:NJ
SAMN18434348,PASS,81,"5,026,869",208,"62,060.10","1,287,991",vparahaemolyticus,-,dnaE(11),gyrB(106),recA(192),dtdS(35),pntA(71),pyrC(73),tnaA(17),KL17,OL14,78,China:Dalian
SAMN18434349,PASS,109,"5,084,421",202,"46,646.10","608,427",vparahaemolyticus,-,dnaE(134),gyrB(104),recA(131),dtdS(75),pntA(91),pyrC(69),tnaA(2),KLUT4,OL3_or_OL13,873,China:Dalian
SAMN09818951,PASS,50,"5,183,398",203,"103,668","1,734,443",vparahaemolyticus,-,dnaE(28),gyrB(~179),recA(21),dtdS(119),pntA(20),pyrC(23),tnaA(24),KL115,OL3_or_OL13,51,USA:NY
SAMN09828187,PASS,82,"5,135,278",203,"62,625.30","882,234",vparahaemolyticus,-,dnaE(180),gyrB(104),recA(25),dtdS(19),pntA(28),pyrC(~93),tnaA(26),KL28,OL2,969,USA:NY
SAMN09827874,FLAG,85,"4,988,077",206,"58,683.30","862,874",vibrio,-,gyrB(330),pyrH(278),recA(313),atpA(19),0,0,0,KL28,OL2,#N/A,USA:NY